Fish Count,Species Count,Station Number,Station Name,Waterway,Year,x,y,Phosphorous_Average,Phosphorous_Min,Phosphorous_Max,NO2_NO3_Average,NO2_NO3_Min,NO2_NO3_Max,Fecal_Coliform_Average,Fecal_Coliform_Min,Fecal_Coliform_Max,Chlorophyll-A_Average,Chlorophyll-A_Min,Chlorophyll-A_Max,NH3_Average,NH3_Min,NH3_Max,Chloride_Average,Chloride_Min,Chloride_Max,TKN_Average,TKN_Min,TKN_Max,Total_Dissolved_Solids_Average,Total_Dissolved_Solids_Min,Total_Dissolved_Solids_Max,SO4_Average,SO4_Min,SO4_Max,Suspended_Solids_Average,Suspended_Solids_Min,Suspended_Solids_Max,TOC_Average,TOC_Min,TOC_Max,bigmouth shiner,bluegill,bluntnose minnow,fathead minnow,golden shiner,spotfin shiner,white sucker,common carp,green sunfish,largemouth bass,orangespotted sunfish,yellow bullhead,blackstripe topminnow,gizzard shad,johnny darter,sand shiner,spottail shiner,channel catfish,emerald shiner,grass pickerel,mosquitofish,black bullhead,green sunfish x pumpkinseed,brook stickleback,carp x goldfish,goldfish,pumpkinseed,freshwater drum,round goby,smallmouth bass,white perch,yellow bass,chinook salmon,grass carp,quillback,rock bass,creek chub,black crappie,green sunfish x bluegill,walleye,blackside darter,pumpkinseed x bluegill,warmouth,alewife,skipjack herring,pirate perch,longear sunfish,black buffalo,white bass,white crappie,northern pike,spotted sucker,tadpole madtom,golden redhorse,hornyhead chub,bowfin,sauger,yellow perch,central mudminnow,brown bullhead,green sunfish x longear,green sunfish x orangespot,brook silverside,smallmouth buffalo,common shiner,fantail darter,oriental weatherfish,iowa darter,banded killifish,flathead catfish,central stoneroller,mimic shiner,logperch,threadfin shad,longnose gar,rosyface shiner,stonecat
323,7,78,Wille Road,Higgins Creek,2001,-9789066.534741784,5163778.873133089,0.56,0.26,1.01,5.5,3.39,9.62,405.0,9.0,3400.0,3.0,2,5.0,0.22,0.06,0.36,178.0,143,261.0,2.0,1,3.0,726.0,630.0,882.0,110.0,78.0,129.0,4.0,2,9.0,10.0,8.0,13.0,7,143,5,154,1,3,10,0,0,0,0,0,0,0,0,0,0,0,0,0,0,0,0,0,0,0,0,0,0,0,0,0,0,0,0,0,0,0,0,0,0,0,0,0,0,0,0,0,0,0,0,0,0,0,0,0,0,0,0,0,0,0,0,0,0,0,0,0,0,0,0,0,0,0,0,0,0
65,8,64,Lake Street,West Branch Du Page River,2001,-9810939.89297938,5157781.364521299,1.96,0.73,3.23,6.6,3.15,10.41,1590.0,370.0,4100.0,24.0,19,33.0,0.34,0.06,1.27,125.0,103,242.0,2.0,2,5.0,579.0,462.0,722.0,76.0,59.0,90.0,35.0,19,56.0,10.0,8.0,13.0,0,11,0,0,1,7,0,3,34,6,1,2,0,0,0,0,0,0,0,0,0,0,0,0,0,0,0,0,0,0,0,0,0,0,0,0,0,0,0,0,0,0,0,0,0,0,0,0,0,0,0,0,0,0,0,0,0,0,0,0,0,0,0,0,0,0,0,0,0,0,0,0,0,0,0,0,0
17,6,18,Devon Avenue,Salt Creek,2001,-9795587.075606022,5159923.790866642,1.92,0.63,3.99,7.59,2.97,10.83,1450.0,160.0,4600.0,15.0,7,25.0,0.17,0.01,0.44,146.0,116,354.0,2.0,1,2.0,648.0,476.0,864.0,81.0,65.0,92.0,15.0,6,32.0,9.0,8.0,10.0,0,3,0,0,0,5,0,1,3,0,0,3,2,0,0,0,0,0,0,0,0,0,0,0,0,0,0,0,0,0,0,0,0,0,0,0,0,0,0,0,0,0,0,0,0,0,0,0,0,0,0,0,0,0,0,0,0,0,0,0,0,0,0,0,0,0,0,0,0,0,0,0,0,0,0,0,0
112,13,22,Ogden Avenue,Des Plaines River,2001,-9775033.160497827,5134155.08934849,0.67,0.35,1.14,3.87,2.82,5.11,500.0,10.0,2500.0,10.0,5,24.0,0.09,0.01,0.18,170.0,105,260.0,2.0,1,3.0,644.0,488.0,928.0,126.0,64.0,286.0,28.0,9,52.0,8.0,7.0,10.0,0,24,22,3,0,3,3,0,6,2,1,0,2,3,2,1,40,0,0,0,0,0,0,0,0,0,0,0,0,0,0,0,0,0,0,0,0,0,0,0,0,0,0,0,0,0,0,0,0,0,0,0,0,0,0,0,0,0,0,0,0,0,0,0,0,0,0,0,0,0,0,0,0,0,0,0,0
81,14,91,Material Service Road,Des Plaines River,2001,-9803757.593335949,5100729.017568359,0.71,0.24,1.61,3.52,1.27,5.88,270.0,20.0,10000.0,48.0,6,156.0,0.08,&lt RL,0.21,145.0,72,358.0,2.0,1,3.0,598.0,296.0,914.0,80.0,51.0,110.0,49.0,9,120.0,9.0,7.0,12.0,0,0,45,1,0,4,2,9,0,1,0,1,3,6,2,0,0,2,2,2,1,0,0,0,0,0,0,0,0,0,0,0,0,0,0,0,0,0,0,0,0,0,0,0,0,0,0,0,0,0,0,0,0,0,0,0,0,0,0,0,0,0,0,0,0,0,0,0,0,0,0,0,0,0,0,0,0
2,2,96,Albany Avenue,North Branch Chicago River,2001,-9764088.462110575,5156857.124687181,0.64,0.35,0.88,2.92,1.32,5.25,2200.0,450.0,42000.0,15.0,10,26.0,0.13,0.06,0.3,148.0,117,490.0,1.0,1,2.0,624.0,262.0,1140.0,65.0,42.0,85.0,22.0,12,36.0,8.0,7.0,10.0,0,0,0,0,0,0,0,0,1,0,0,0,0,0,0,0,0,0,0,0,0,0,0,1,0,0,0,0,0,0,0,0,0,0,0,0,0,0,0,0,0,0,0,0,0,0,0,0,0,0,0,0,0,0,0,0,0,0,0,0,0,0,0,0,0,0,0,0,0,0,0,0,0,0,0,0,0
188,11,75,Cicero Avenue,Chicago Sanitary and Ship Canal,2001,-9767527.508297496,5134013.305608013,0.63,0.25,1.21,3.3,1.31,6.32,150.0,40.0,35000.0,3.0,2,6.0,0.67,0.25,1.66,88.0,45,256.0,2.0,1,3.0,413.0,242.0,680.0,44.0,22.0,68.0,19.0,10,30.0,6.0,4.0,9.0,0,4,10,0,0,0,0,93,5,0,0,0,0,47,0,0,0,1,1,0,2,0,0,0,3,1,21,0,0,0,0,0,0,0,0,0,0,0,0,0,0,0,0,0,0,0,0,0,0,0,0,0,0,0,0,0,0,0,0,0,0,0,0,0,0,0,0,0,0,0,0,0,0,0,0,0,0
77,2,92,Lockport Powerhouse,Chicago Sanitary and Ship Canal,2001,-9804834.0167114,5096870.642820761,1.04,0.44,1.89,5.28,2.15,8.01,210.0,10.0,50000.0,5.0,1,18.0,0.51,0.01,2.59,127.0,70,389.0,2.0,1,4.0,543.0,278.0,950.0,88.0,46.0,126.0,15.0,6,39.0,7.0,5.0,10.0,0,0,0,0,0,0,0,26,0,0,0,0,0,51,0,0,0,0,0,0,0,0,0,0,0,0,0,0,0,0,0,0,0,0,0,0,0,0,0,0,0,0,0,0,0,0,0,0,0,0,0,0,0,0,0,0,0,0,0,0,0,0,0,0,0,0,0,0,0,0,0,0,0,0,0,0,0
88,9,41,Harlem Avenue,Chicago Sanitary and Ship Canal,2001,-9774026.337077957,5131234.839862472,1.08,0.64,1.67,6.48,4.36,8.75,5400.0,200.0,25000.0,2.0,2,3.0,0.7,0.22,2.8,106.0,83,291.0,2.0,1,4.0,481.0,342.0,782.0,60.0,44.0,79.0,11.0,6,20.0,7.0,6.0,9.0,0,0,4,0,0,1,0,16,0,2,0,1,0,59,0,0,0,0,2,0,0,0,0,0,0,1,2,0,0,0,0,0,0,0,0,0,0,0,0,0,0,0,0,0,0,0,0,0,0,0,0,0,0,0,0,0,0,0,0,0,0,0,0,0,0,0,0,0,0,0,0,0,0,0,0,0,0
210,16,76,Halsted Street,Little Calumet River,2001,-9756147.689317685,5109826.122291395,1.27,0.18,2.46,4.94,1.03,8.92,4200.0,50.0,20000.0,4.0,2,8.0,0.18,0.08,0.36,139.0,86,234.0,1.0,1,2.0,529.0,290.0,992.0,103.0,66.0,190.0,15.0,6,26.0,7.0,5.0,9.0,0,13,2,0,8,0,0,39,4,51,0,4,0,53,0,0,0,0,2,0,0,0,0,0,0,7,7,3,1,1,10,5,0,0,0,0,0,0,0,0,0,0,0,0,0,0,0,0,0,0,0,0,0,0,0,0,0,0,0,0,0,0,0,0,0,0,0,0,0,0,0,0,0,0,0,0,0
127,10,59,Cicero Avenue,Calumet-Sag Channel,2001,-9766975.298081215,5109491.834437173,1.42,0.57,2.56,4.25,1.38,7.07,1250.0,50.0,5100.0,6.0,2,14.0,0.28,0.1,0.46,147.0,63,250.0,1.0,1,2.0,552.0,226.0,904.0,114.0,67.0,169.0,18.0,9,27.0,8.0,5.0,10.0,0,1,7,0,0,0,0,23,5,21,0,1,0,61,0,0,0,0,6,0,0,0,0,0,0,1,0,0,0,0,0,0,0,0,0,0,1,0,0,0,0,0,0,0,0,0,0,0,0,0,0,0,0,0,0,0,0,0,0,0,0,0,0,0,0,0,0,0,0,0,0,0,0,0,0,0,0
2,2,78,Wille Road,Higgins Creek,2002,-9789066.534741784,5163778.873133089,0.86,0.3,1.76,5.67,3.62,8.57,1200.0,9.0,20000.0,3.0,&lt RL,7.0,0.21,0.02,0.49,184.0,62,831.0,2.0,1,2.0,757.0,244.0,1534.0,97.0,59.0,124.0,7.0,2,15.0,10.0,7.0,12.0,0,0,0,0,0,1,0,0,0,1,0,0,0,0,0,0,0,0,0,0,0,0,0,0,0,0,0,0,0,0,0,0,0,0,0,0,0,0,0,0,0,0,0,0,0,0,0,0,0,0,0,0,0,0,0,0,0,0,0,0,0,0,0,0,0,0,0,0,0,0,0,0,0,0,0,0,0
104,10,18,Devon Avenue,Salt Creek,2002,-9795587.075606022,5159923.790866642,1.96,0.37,4.09,7.32,1.49,14.18,915.0,110.0,6000.0,16.0,4,27.0,0.36,&lt RL,1.49,127.0,93,457.0,2.0,1,3.0,632.0,382.0,956.0,79.0,52.0,96.0,16.0,7,32.0,10.0,9.0,11.0,0,5,25,0,0,53,0,2,12,3,1,0,1,0,0,0,0,0,0,0,0,0,0,0,0,0,1,0,0,0,0,0,0,0,0,0,0,0,0,1,0,0,0,0,0,0,0,0,0,0,0,0,0,0,0,0,0,0,0,0,0,0,0,0,0,0,0,0,0,0,0,0,0,0,0,0,0
73,8,64,Lake Street,West Branch Du Page River,2002,-9810939.89297938,5157781.364521299,2.25,1.43,3.42,6.7,4.44,9.48,2300.0,90.0,43000.0,25.0,7,66.0,0.29,0.04,0.65,130.0,80,598.0,2.0,2,3.0,627.0,308.0,1302.0,68.0,51.0,84.0,33.0,12,75.0,10.0,9.0,11.0,0,11,0,0,0,19,3,4,29,2,0,4,0,0,0,0,0,0,0,0,0,0,0,0,0,0,0,0,0,0,0,0,0,0,0,0,0,0,1,0,0,0,0,0,0,0,0,0,0,0,0,0,0,0,0,0,0,0,0,0,0,0,0,0,0,0,0,0,0,0,0,0,0,0,0,0,0
11,7,22,Ogden Avenue,Des Plaines River,2002,-9775033.160497827,5134155.08934849,1.09,0.56,1.87,5.21,2.87,9.21,560.0,180.0,48000.0,13.0,1,51.0,0.11,&lt RL,0.27,175.0,81,875.0,1.0,1,3.0,790.0,370.0,1828.0,88.0,53.0,102.0,23.0,5,69.0,9.0,8.0,10.0,0,4,0,0,0,0,0,1,2,0,1,0,0,0,0,0,0,0,0,0,0,0,0,0,0,0,0,0,0,0,0,0,0,0,0,0,0,1,0,0,1,1,0,0,0,0,0,0,0,0,0,0,0,0,0,0,0,0,0,0,0,0,0,0,0,0,0,0,0,0,0,0,0,0,0,0,0
2,1,96,Albany Avenue,North Branch Chicago River,2002,-9764088.462110575,5156857.124687181,1.04,0.29,2.0,4.24,0.92,8.99,1035.0,250.0,25000.0,12.0,4,27.0,0.24,0.06,1.62,159.0,113,592.0,1.0,1,3.0,700.0,414.0,1338.0,69.0,47.0,88.0,24.0,5,69.0,9.0,7.0,12.0,0,0,0,0,0,0,0,0,2,0,0,0,0,0,0,0,0,0,0,0,0,0,0,0,0,0,0,0,0,0,0,0,0,0,0,0,0,0,0,0,0,0,0,0,0,0,0,0,0,0,0,0,0,0,0,0,0,0,0,0,0,0,0,0,0,0,0,0,0,0,0,0,0,0,0,0,0
36,11,91,Material Service Road,Des Plaines River,2002,-9803757.593335949,5100729.017568359,0.97,0.43,1.71,4.98,2.47,8.59,100.0,9.0,830.0,35.0,5,89.0,0.06,&lt RL,0.18,174.0,90,783.0,1.0,1,3.0,758.0,386.0,1596.0,96.0,64.0,112.0,30.0,5,76.0,9.0,7.0,11.0,0,0,19,1,1,0,1,0,4,0,0,1,1,0,2,0,0,4,0,1,1,0,0,0,0,0,0,0,0,0,0,0,0,0,0,0,0,0,0,0,0,0,0,0,0,0,0,0,0,0,0,0,0,0,0,0,0,0,0,0,0,0,0,0,0,0,0,0,0,0,0,0,0,0,0,0,0
136,10,75,Cicero Avenue,Chicago Sanitary and Ship Canal,2002,-9767527.508297496,5134013.305608013,0.72,0.39,1.39,4.3,1.88,7.45,235.0,40.0,3100.0,5.0,1,10.0,0.87,0.29,2.08,98.0,51,269.0,2.0,1,4.0,483.0,284.0,866.0,54.0,33.0,82.0,15.0,10,24.0,7.0,5.0,10.0,0,0,3,0,0,2,0,82,1,0,0,2,0,37,0,0,0,0,1,0,0,0,0,0,1,1,6,0,0,0,0,0,0,0,0,0,0,0,0,0,0,0,0,0,0,0,0,0,0,0,0,0,0,0,0,0,0,0,0,0,0,0,0,0,0,0,0,0,0,0,0,0,0,0,0,0,0
188,11,41,Harlem Avenue,Chicago Sanitary and Ship Canal,2002,-9774026.337077957,5131234.839862472,0.98,0.34,1.66,6.81,2.93,11.35,3650.0,1400.0,13000.0,2.0,1,5.0,0.54,0.23,1.85,124.0,45,247.0,2.0,1,3.0,495.0,304.0,772.0,69.0,41.0,92.0,12.0,6,17.0,8.0,6.0,10.0,0,0,12,0,4,4,0,35,1,0,0,3,0,83,0,0,0,0,4,0,27,0,0,0,0,3,12,0,0,0,0,0,0,0,0,0,0,0,0,0,0,0,0,0,0,0,0,0,0,0,0,0,0,0,0,0,0,0,0,0,0,0,0,0,0,0,0,0,0,0,0,0,0,0,0,0,0
67,6,92,Lockport Powerhouse,Chicago Sanitary and Ship Canal,2002,-9804834.0167114,5096870.642820761,1.21,0.48,2.12,6.02,2.16,9.89,140.0,9.0,28000.0,5.0,1,19.0,0.5,0.08,1.68,118.0,69,481.0,2.0,1,3.0,561.0,304.0,1136.0,89.0,58.0,119.0,16.0,5,45.0,8.0,6.0,14.0,0,0,0,0,0,0,0,11,1,0,0,0,0,50,0,0,0,2,2,0,0,0,0,0,0,0,0,1,0,0,0,0,0,0,0,0,0,0,0,0,0,0,0,0,0,0,0,0,0,0,0,0,0,0,0,0,0,0,0,0,0,0,0,0,0,0,0,0,0,0,0,0,0,0,0,0,0
163,17,76,Halsted Street,Little Calumet River,2002,-9756147.689317685,5109826.122291395,2.09,0.83,3.67,5.36,2.86,9.51,2200.0,540.0,4100.0,9.0,2,28.0,0.19,0.06,0.41,132.0,66,183.0,1.0,1,2.0,532.0,324.0,712.0,91.0,56.0,119.0,15.0,7,25.0,8.0,6.0,11.0,0,5,4,0,1,0,10,35,2,31,0,0,0,33,0,0,0,0,6,0,0,0,0,0,0,1,20,4,2,2,5,1,0,0,0,0,0,0,0,0,0,0,0,0,1,0,0,0,0,0,0,0,0,0,0,0,0,0,0,0,0,0,0,0,0,0,0,0,0,0,0,0,0,0,0,0,0
174,13,59,Cicero Avenue,Calumet-Sag Channel,2002,-9766975.298081215,5109491.834437173,2.21,0.74,3.84,5.39,3.34,8.49,640.0,20.0,2500.0,12.0,3,40.0,0.25,0.03,0.47,147.0,74,234.0,2.0,1,2.0,597.0,384.0,852.0,118.0,77.0,168.0,21.0,10,32.0,9.0,6.0,10.0,0,1,41,5,0,0,0,15,9,31,0,1,0,33,0,0,0,0,29,0,0,0,0,0,0,2,2,3,0,0,2,0,0,0,0,0,0,0,0,0,0,0,0,0,0,0,0,0,0,0,0,0,0,0,0,0,0,0,0,0,0,0,0,0,0,0,0,0,0,0,0,0,0,0,0,0,0
1,1,78,Wille Road,Higgins Creek,2003,-9789066.534741784,5163778.873133089,0.48,0.12,1.38,4.85,0.24,9.01,810.0,10.0,16000.0,4.0,1,15.0,0.33,0.15,0.7,175.0,126,609.0,1.0,1,2.0,666.0,328.0,1332.0,90.0,39.0,122.0,6.0,&lt RL,26.0,10.0,7.0,14.0,0,1,0,0,0,0,0,0,0,0,0,0,0,0,0,0,0,0,0,0,0,0,0,0,0,0,0,0,0,0,0,0,0,0,0,0,0,0,0,0,0,0,0,0,0,0,0,0,0,0,0,0,0,0,0,0,0,0,0,0,0,0,0,0,0,0,0,0,0,0,0,0,0,0,0,0,0
70,8,64,Lake Street,West Branch Du Page River,2003,-9810939.89297938,5157781.364521299,2.34,0.34,4.09,7.32,1.92,13.6,2000.0,190.0,20000.0,29.0,9,103.0,0.6,0.24,1.4,151.0,91,474.0,2.0,1,4.0,592.0,386.0,1060.0,68.0,51.0,104.0,44.0,14,92.0,11.0,9.0,13.0,0,25,0,0,0,0,1,7,33,0,1,1,0,0,0,1,0,0,0,0,0,0,0,0,0,0,0,0,0,0,0,0,0,0,0,0,0,1,0,0,0,0,0,0,0,0,0,0,0,0,0,0,0,0,0,0,0,0,0,0,0,0,0,0,0,0,0,0,0,0,0,0,0,0,0,0,0
23,6,18,Devon Avenue,Salt Creek,2003,-9795587.075606022,5159923.790866642,2.01,0.24,4.64,6.11,0.49,14.21,1150.0,420.0,100000.0,19.0,4,45.0,0.5,0.05,2.31,211.0,103,701.0,2.0,1,3.0,694.0,482.0,1384.0,76.0,57.0,95.0,20.0,8,36.0,10.0,8.0,16.0,0,4,0,0,0,1,3,3,11,0,0,1,0,0,0,0,0,0,0,0,0,0,0,0,0,0,0,0,0,0,0,0,0,0,0,0,0,0,0,0,0,0,0,0,0,0,0,0,0,0,0,0,0,0,0,0,0,0,0,0,0,0,0,0,0,0,0,0,0,0,0,0,0,0,0,0,0
24,6,91,Material Service Road,Des Plaines River,2003,-9803757.593335949,5100729.017568359,1.05,0.33,1.84,4.94,2.12,9.38,620.0,130.0,2500.0,60.0,5,214.0,0.16,0.03,0.32,161.0,72,401.0,2.0,1,3.0,682.0,426.0,960.0,97.0,68.0,132.0,48.0,13,89.0,9.0,8.0,12.0,0,0,3,0,0,1,0,0,7,0,0,0,11,0,0,0,0,0,0,1,0,0,0,0,0,0,0,0,0,0,0,0,0,0,0,0,0,0,0,0,0,0,0,0,0,1,0,0,0,0,0,0,0,0,0,0,0,0,0,0,0,0,0,0,0,0,0,0,0,0,0,0,0,0,0,0,0
6,3,96,Albany Avenue,North Branch Chicago River,2003,-9764088.462110575,5156857.124687181,1.0,0.32,1.98,4.24,1.01,9.75,930.0,670.0,13000.0,18.0,4,56.0,0.15,0.04,0.21,181.0,155,436.0,1.0,1,2.0,630.0,484.0,826.0,74.0,49.0,89.0,20.0,8,48.0,9.0,7.0,14.0,0,0,0,0,0,0,0,1,4,0,0,0,1,0,0,0,0,0,0,0,0,0,0,0,0,0,0,0,0,0,0,0,0,0,0,0,0,0,0,0,0,0,0,0,0,0,0,0,0,0,0,0,0,0,0,0,0,0,0,0,0,0,0,0,0,0,0,0,0,0,0,0,0,0,0,0,0
14,5,22,Ogden Avenue,Des Plaines River,2003,-9775033.160497827,5134155.08934849,1.27,0.4,2.21,5.91,2.17,10.87,1000.0,180.0,7600.0,46.0,13,94.0,0.14,0.03,0.28,301.0,84,434.0,2.0,1,3.0,660.0,344.0,994.0,89.0,60.0,122.0,53.0,12,189.0,9.0,8.0,11.0,0,4,0,0,0,2,0,0,6,0,0,0,0,0,1,0,0,0,0,0,0,0,0,0,0,0,0,0,0,0,0,0,0,0,0,0,0,0,0,0,1,0,0,0,0,0,0,0,0,0,0,0,0,0,0,0,0,0,0,0,0,0,0,0,0,0,0,0,0,0,0,0,0,0,0,0,0
225,10,41,Harlem Avenue,Chicago Sanitary and Ship Canal,2003,-9774026.337077957,5131234.839862472,1.1,0.36,1.94,7.84,5.29,13.81,4000.0,940.0,29000.0,3.0,1,7.0,0.5,0.17,1.1,133.0,66,343.0,2.0,1,2.0,523.0,312.0,918.0,73.0,60.0,84.0,8.0,3,12.0,8.0,6.0,13.0,0,0,112,0,2,2,0,15,3,0,0,4,0,54,0,0,0,0,0,0,1,0,0,0,1,0,31,0,0,0,0,0,0,0,0,0,0,0,0,0,0,0,0,0,0,0,0,0,0,0,0,0,0,0,0,0,0,0,0,0,0,0,0,0,0,0,0,0,0,0,0,0,0,0,0,0,0
56,12,59,Cicero Avenue,Calumet-Sag Channel,2003,-9766975.298081215,5109491.834437173,2.05,0.48,4.81,4.1,&lt RL,9.5,1100.0,90.0,24000.0,20.0,2,56.0,0.25,0.02,0.39,138.0,65,278.0,1.0,1,2.0,609.0,370.0,858.0,136.0,91.0,195.0,24.0,12,50.0,9.0,6.0,11.0,0,1,12,2,0,0,0,11,12,9,0,1,0,3,0,0,0,0,0,0,0,1,0,0,0,0,0,1,0,0,2,0,0,0,0,0,1,0,0,0,0,0,0,0,0,0,0,0,0,0,0,0,0,0,0,0,0,0,0,0,0,0,0,0,0,0,0,0,0,0,0,0,0,0,0,0,0
138,9,75,Cicero Avenue,Chicago Sanitary and Ship Canal,2003,-9767527.508297496,5134013.305608013,0.87,0.38,1.64,4.49,1.89,7.97,150.0,9.0,2000.0,6.0,1,18.0,0.94,0.38,1.97,115.0,43,510.0,2.0,1,3.0,488.0,256.0,1122.0,52.0,36.0,73.0,14.0,9,20.0,7.0,4.0,10.0,0,0,2,0,0,2,0,15,6,0,0,4,0,88,0,0,0,0,0,0,0,0,0,0,1,4,16,0,0,0,0,0,0,0,0,0,0,0,0,0,0,0,0,0,0,0,0,0,0,0,0,0,0,0,0,0,0,0,0,0,0,0,0,0,0,0,0,0,0,0,0,0,0,0,0,0,0
219,13,76,Halsted Street,Little Calumet River,2003,-9756147.689317685,5109826.122291395,2.13,1.13,4.21,4.19,&lt RL,8.87,3600.0,730.0,15000.0,10.0,1,29.0,0.27,0.09,0.53,113.0,71,215.0,1.0,0,2.0,536.0,374.0,684.0,101.0,73.0,145.0,10.0,4,16.0,9.0,5.0,12.0,0,4,21,0,4,0,3,10,4,32,0,2,0,69,0,0,1,0,57,0,0,0,0,0,0,0,6,0,0,0,6,0,0,0,0,0,0,0,0,0,0,0,0,0,0,0,0,0,0,0,0,0,0,0,0,0,0,0,0,0,0,0,0,0,0,0,0,0,0,0,0,0,0,0,0,0,0
67,7,92,Lockport Powerhouse,Chicago Sanitary and Ship Canal,2003,-9804834.0167114,5096870.642820761,1.14,0.32,2.34,6.13,&lt RL,12.69,140.0,9.0,3400.0,7.0,1,37.0,0.59,0.16,2.03,145.0,29,550.0,2.0,1,4.0,595.0,296.0,1162.0,97.0,60.0,126.0,15.0,5,50.0,8.0,6.0,11.0,0,1,0,0,0,0,0,43,1,0,0,0,0,19,0,0,0,1,1,0,0,0,0,0,0,0,1,0,0,0,0,0,0,0,0,0,0,0,0,0,0,0,0,0,0,0,0,0,0,0,0,0,0,0,0,0,0,0,0,0,0,0,0,0,0,0,0,0,0,0,0,0,0,0,0,0,0
26,5,18,Devon Avenue,Salt Creek,2004,-9795587.075606022,5159923.790866642,1.9,0.73,3.44,6.4,1.96,11.7,1050.0,200.0,8000.0,16.0,6,30.0,0.31,0.09,1.12,186.0,106,586.0,1.0,0,2.0,721.0,452.0,1288.0,85.0,56.0,115.0,21.0,1,47.0,10.0,7.0,15.0,0,7,0,0,0,0,1,0,13,1,0,4,0,0,0,0,0,0,0,0,0,0,0,0,0,0,0,0,0,0,0,0,0,0,0,0,0,0,0,0,0,0,0,0,0,0,0,0,0,0,0,0,0,0,0,0,0,0,0,0,0,0,0,0,0,0,0,0,0,0,0,0,0,0,0,0,0
37,12,22,Ogden Avenue,Des Plaines River,2004,-9775033.160497827,5134155.08934849,0.81,0.3,1.37,4.7,1.97,6.7,1200.0,120.0,4900.0,14.0,1,77.0,0.13,0.01,0.3,177.0,111,491.0,1.0,0,1.0,691.0,494.0,1160.0,88.0,46.0,118.0,23.0,10,44.0,9.0,7.0,13.0,0,8,0,0,0,2,1,4,8,0,8,1,0,1,0,1,0,0,0,0,0,0,0,0,0,0,0,0,0,0,0,0,0,0,0,0,0,1,0,0,1,0,1,0,0,0,0,0,0,0,0,0,0,0,0,0,0,0,0,0,0,0,0,0,0,0,0,0,0,0,0,0,0,0,0,0,0
81,9,64,Lake Street,West Branch Du Page River,2004,-9810939.89297938,5157781.364521299,2.4,1.25,4.01,8.83,4.8,13.82,1260.0,120.0,9200.0,15.0,5,44.0,0.55,0.12,1.3,141.0,51,503.0,2.0,1,3.0,654.0,430.0,1168.0,78.0,52.0,116.0,33.0,22,43.0,10.0,9.0,11.0,0,18,0,2,0,0,0,4,49,2,0,2,0,0,0,0,0,0,0,0,0,0,1,0,0,0,0,0,0,0,0,0,0,0,0,0,1,2,0,0,0,0,0,0,0,0,0,0,0,0,0,0,0,0,0,0,0,0,0,0,0,0,0,0,0,0,0,0,0,0,0,0,0,0,0,0,0
3,2,78,Wille Road,Higgins Creek,2004,-9789066.534741784,5163778.873133089,0.66,0.38,1.45,5.42,4.09,8.06,120.0,9.0,3500.0,3.0,1,5.0,0.44,0.15,1.23,193.0,122,263.0,1.0,1,2.0,688.0,532.0,846.0,100.0,65.0,130.0,8.0,2,25.0,11.0,7.0,17.0,0,0,0,1,0,0,2,0,0,0,0,0,0,0,0,0,0,0,0,0,0,0,0,0,0,0,0,0,0,0,0,0,0,0,0,0,0,0,0,0,0,0,0,0,0,0,0,0,0,0,0,0,0,0,0,0,0,0,0,0,0,0,0,0,0,0,0,0,0,0,0,0,0,0,0,0,0
47,9,91,Material Service Road,Des Plaines River,2004,-9803757.593335949,5100729.017568359,0.78,0.33,1.61,4.39,1.87,7.92,180.0,10.0,950.0,40.0,3,206.0,0.12,0.01,0.24,178.0,109,524.0,1.0,1,2.0,679.0,440.0,1226.0,94.0,44.0,125.0,29.0,9,50.0,8.0,7.0,10.0,0,0,1,0,0,0,0,4,16,0,0,10,3,6,0,0,0,3,0,0,0,0,0,0,0,0,0,0,3,0,0,0,0,0,0,0,0,0,0,0,0,0,0,0,0,0,0,0,0,0,0,0,0,0,0,1,0,0,0,0,0,0,0,0,0,0,0,0,0,0,0,0,0,0,0,0,0
6,2,96,Albany Avenue,North Branch Chicago River,2004,-9764088.462110575,5156857.124687181,0.79,0.21,1.43,4.57,1.22,9.84,890.0,200.0,100000.0,21.0,2,61.0,0.15,0.04,0.34,180.0,108,372.0,1.0,1,2.0,662.0,452.0,902.0,70.0,43.0,105.0,22.0,10,52.0,8.0,6.0,12.0,0,0,0,0,0,0,3,0,3,0,0,0,0,0,0,0,0,0,0,0,0,0,0,0,0,0,0,0,0,0,0,0,0,0,0,0,0,0,0,0,0,0,0,0,0,0,0,0,0,0,0,0,0,0,0,0,0,0,0,0,0,0,0,0,0,0,0,0,0,0,0,0,0,0,0,0,0
22,4,92,Lockport Powerhouse,Chicago Sanitary and Ship Canal,2004,-9804834.0167114,5096870.642820761,1.01,0.41,2.19,5.74,2.3,9.38,160.0,9.0,3900.0,4.0,1,12.0,0.64,0.25,1.89,139.0,66,783.0,1.0,0,3.0,602.0,308.0,1458.0,90.0,43.0,136.0,15.0,5,30.0,8.0,5.0,19.0,0,0,0,0,0,0,0,12,0,5,0,0,0,3,0,0,0,2,0,0,0,0,0,0,0,0,0,0,0,0,0,0,0,0,0,0,0,0,0,0,0,0,0,0,0,0,0,0,0,0,0,0,0,0,0,0,0,0,0,0,0,0,0,0,0,0,0,0,0,0,0,0,0,0,0,0,0
191,13,75,Cicero Avenue,Chicago Sanitary and Ship Canal,2004,-9767527.508297496,5134013.305608013,0.8,0.33,1.42,4.63,1.55,7.12,95.0,20.0,3400.0,6.0,2,13.0,1.11,0.42,2.26,110.0,37,468.0,2.0,1,3.0,496.0,278.0,948.0,55.0,29.0,96.0,18.0,7,28.0,7.0,5.0,9.0,0,0,33,0,12,1,0,53,7,0,0,2,0,48,0,0,0,2,1,0,1,0,0,0,2,1,28,0,0,0,0,0,0,0,0,0,0,0,0,0,0,0,0,0,0,0,0,0,0,0,0,0,0,0,0,0,0,0,0,0,0,0,0,0,0,0,0,0,0,0,0,0,0,0,0,0,0
193,13,41,Harlem Avenue,Chicago Sanitary and Ship Canal,2004,-9774026.337077957,5131234.839862472,0.95,0.39,1.87,7.64,4.74,11.23,2500.0,690.0,12000.0,3.0,1,8.0,0.51,0.2,0.99,135.0,75,320.0,1.0,1,2.0,541.0,360.0,776.0,76.0,42.0,98.0,9.0,2,13.0,7.0,5.0,10.0,0,0,29,1,1,4,0,29,0,1,0,2,0,102,0,0,0,0,1,0,1,0,0,0,0,1,20,0,1,0,0,0,0,0,0,0,0,0,0,0,0,0,0,0,0,0,0,0,0,0,0,0,0,0,0,0,0,0,0,0,0,0,0,0,0,0,0,0,0,0,0,0,0,0,0,0,0
147,10,59,Cicero Avenue,Calumet-Sag Channel,2004,-9766975.298081215,5109491.834437173,1.64,0.41,2.87,4.58,1.87,9.95,785.0,340.0,9300.0,5.0,1,13.0,0.36,0.06,0.6,116.0,63,500.0,1.0,0,2.0,646.0,306.0,1142.0,129.0,52.0,199.0,20.0,11,31.0,8.0,5.0,11.0,0,0,1,0,0,0,0,25,3,9,0,1,0,102,0,0,0,0,0,0,0,0,0,0,0,0,0,1,2,0,0,2,0,0,0,0,0,1,0,0,0,0,0,0,0,0,0,0,0,0,0,0,0,0,0,0,0,0,0,0,0,0,0,0,0,0,0,0,0,0,0,0,0,0,0,0,0
207,17,76,Halsted Street,Little Calumet River,2004,-9756147.689317685,5109826.122291395,1.64,0.71,2.75,4.79,2,8.57,2600.0,1200.0,15000.0,4.0,0,10.0,0.3,0.11,0.49,120.0,66,396.0,1.0,0,1.0,564.0,348.0,996.0,92.0,51.0,144.0,15.0,7,28.0,8.0,5.0,10.0,0,25,1,0,9,0,18,24,1,37,0,0,0,36,0,0,0,0,20,0,0,1,0,0,0,9,11,2,0,0,8,2,0,0,0,0,0,2,0,0,0,0,0,0,0,0,0,0,0,1,0,0,0,0,0,0,0,0,0,0,0,0,0,0,0,0,0,0,0,0,0,0,0,0,0,0,0
64,7,64,Lake Street,West Branch Du Page River,2005,-9810939.89297938,5157781.364521299,2.43,0.66,4.45,8.64,1.93,14.57,2500.0,270.0,28000.0,25.0,6,53.0,0.48,0.13,1.99,170.0,100,500.0,2.0,2,3.0,663.0,406.0,1070.0,71.0,46.0,103.0,39.0,21,67.0,9.0,7.0,12.0,0,5,0,0,0,1,1,1,50,0,0,5,0,0,0,0,0,0,0,0,0,0,0,0,0,0,0,0,0,0,0,0,0,0,0,0,1,0,0,0,0,0,0,0,0,0,0,0,0,0,0,0,0,0,0,0,0,0,0,0,0,0,0,0,0,0,0,0,0,0,0,0,0,0,0,0,0
30,6,78,Wille Road,Higgins Creek,2005,-9789066.534741784,5163778.873133089,1.58,0.45,3.24,9.44,5.9,18.71,320.0,10.0,190000.0,2.0,0,5.0,0.27,0.11,0.61,167.0,136,528.0,2.0,1,3.0,713.0,470.0,1202.0,104.0,83.0,132.0,4.0,1,7.0,8.0,5.0,11.0,2,0,3,5,0,0,10,0,4,0,0,0,0,0,6,0,0,0,0,0,0,0,0,0,0,0,0,0,0,0,0,0,0,0,0,0,0,0,0,0,0,0,0,0,0,0,0,0,0,0,0,0,0,0,0,0,0,0,0,0,0,0,0,0,0,0,0,0,0,0,0,0,0,0,0,0,0
49,8,18,Devon Avenue,Salt Creek,2005,-9795587.075606022,5159923.790866642,1.98,0.34,3.62,8.19,1.5,15.62,1360.0,60.0,14000.0,15.0,4,36.0,0.19,0.02,0.9,245.0,113,669.0,1.0,1,3.0,851.0,520.0,1362.0,83.0,61.0,116.0,14.0,4,37.0,7.0,5.0,9.0,0,13,1,0,0,13,0,1,16,2,0,2,1,0,0,0,0,0,0,0,0,0,0,0,0,0,0,0,0,0,0,0,0,0,0,0,0,0,0,0,0,0,0,0,0,0,0,0,0,0,0,0,0,0,0,0,0,0,0,0,0,0,0,0,0,0,0,0,0,0,0,0,0,0,0,0,0
6,3,96,Albany Avenue,North Branch Chicago River,2005,-9764088.462110575,5156857.124687181,1.15,0.47,2.14,4.64,1.68,7.97,830.0,300.0,21000.0,36.0,3,157.0,0.15,&lt RL,0.41,316.0,171,728.0,1.0,1,2.0,917.0,588.0,1412.0,68.0,52.0,94.0,17.0,3,31.0,7.0,5.0,10.0,0,0,0,0,0,0,1,4,1,0,0,0,0,0,0,0,0,0,0,0,0,0,0,0,0,0,0,0,0,0,0,0,0,0,0,0,0,0,0,0,0,0,0,0,0,0,0,0,0,0,0,0,0,0,0,0,0,0,0,0,0,0,0,0,0,0,0,0,0,0,0,0,0,0,0,0,0
39,10,22,Ogden Avenue,Des Plaines River,2005,-9775033.160497827,5134155.08934849,1.23,0.4,2.21,5.79,3.22,12.27,905.0,60.0,28000.0,19.0,2,69.0,0.16,&lt RL,0.34,242.0,98,516.0,1.0,1,2.0,747.0,310.0,1304.0,85.0,49.0,119.0,31.0,11,84.0,7.0,5.0,10.0,0,2,2,0,0,0,12,9,4,0,0,1,1,0,0,0,0,0,0,0,0,0,0,0,0,1,0,0,0,0,0,0,0,0,0,0,6,0,0,0,1,0,0,0,0,0,0,0,0,0,0,0,0,0,0,0,0,0,0,0,0,0,0,0,0,0,0,0,0,0,0,0,0,0,0,0,0
129,12,91,Material Service Road,Des Plaines River,2005,-9803757.593335949,5100729.017568359,1.26,0.5,2.29,6.26,3.82,10.6,230.0,9.0,9500.0,35.0,6,164.0,0.12,&lt RL,0.29,207.0,90,546.0,1.0,1,3.0,770.0,496.0,1218.0,105.0,67.0,251.0,35.0,10,102.0,7.0,5.0,12.0,0,0,46,0,0,1,5,11,6,0,0,11,30,5,7,0,0,1,1,0,5,0,0,0,0,0,0,0,0,0,0,0,0,0,0,0,0,0,0,0,0,0,0,0,0,0,0,0,0,0,0,0,0,0,0,0,0,0,0,0,0,0,0,0,0,0,0,0,0,0,0,0,0,0,0,0,0
184,7,75,Cicero Avenue,Chicago Sanitary and Ship Canal,2005,-9767527.508297496,5134013.305608013,0.75,0.33,1.31,4.06,2.26,6.73,145.0,10.0,7400.0,6.0,2,21.0,1.18,0.27,4.38,106.0,35,312.0,2.0,1,6.0,482.0,240.0,796.0,50.0,30.0,74.0,13.0,4,20.0,5.0,3.0,8.0,0,0,16,0,0,2,0,46,2,0,0,4,0,106,0,0,0,0,0,0,0,0,0,0,0,0,8,0,0,0,0,0,0,0,0,0,0,0,0,0,0,0,0,0,0,0,0,0,0,0,0,0,0,0,0,0,0,0,0,0,0,0,0,0,0,0,0,0,0,0,0,0,0,0,0,0,0
758,14,41,Harlem Avenue,Chicago Sanitary and Ship Canal,2005,-9774026.337077957,5131234.839862472,0.99,0.19,2.09,7.67,3.85,11.5,3200.0,200.0,20000.0,4.0,1,9.0,0.94,0.19,3.36,122.0,56,320.0,2.0,1,4.0,520.0,310.0,852.0,71.0,42.0,100.0,10.0,3,14.0,6.0,4.0,10.0,0,1,14,1,14,2,0,36,0,0,0,4,0,603,0,0,0,0,33,0,2,0,0,0,0,6,40,0,0,0,0,1,0,0,0,0,0,0,0,0,0,1,0,0,0,0,0,0,0,0,0,0,0,0,0,0,0,0,0,0,0,0,0,0,0,0,0,0,0,0,0,0,0,0,0,0,0
179,9,92,Lockport Powerhouse,Chicago Sanitary and Ship Canal,2005,-9804834.0167114,5096870.642820761,1.17,0.26,1.9,6.01,2.86,9.19,205.0,9.0,7600.0,5.0,1,19.0,0.65,0.15,2.36,142.0,3,671.0,2.0,1,3.0,604.0,322.0,1760.0,88.0,49.0,121.0,15.0,1,66.0,6.0,3.0,9.0,0,0,0,0,1,0,0,3,0,0,0,1,0,159,0,0,0,2,8,0,0,0,0,0,0,0,1,1,0,0,0,0,0,0,0,0,0,0,0,0,0,0,0,0,3,0,0,0,0,0,0,0,0,0,0,0,0,0,0,0,0,0,0,0,0,0,0,0,0,0,0,0,0,0,0,0,0
913,19,76,Halsted Street,Little Calumet River,2005,-9756147.689317685,5109826.122291395,2.08,1.4,3.73,5.33,2.5,9.59,2500.0,710.0,13000.0,7.0,0,21.0,0.29,0.1,0.62,139.0,60,467.0,1.0,1,2.0,548.0,198.0,1098.0,91.0,52.0,125.0,11.0,2,22.0,6.0,3.0,9.0,0,21,18,3,38,0,5,39,0,52,0,6,0,517,0,0,0,0,137,0,0,0,0,0,0,8,25,0,4,0,17,10,0,0,0,0,0,3,0,0,0,1,0,0,0,0,0,0,0,0,0,0,0,0,0,0,0,8,0,1,0,0,0,0,0,0,0,0,0,0,0,0,0,0,0,0,0
453,10,59,Cicero Avenue,Calumet-Sag Channel,2005,-9766975.298081215,5109491.834437173,2.21,1.22,3.52,5.22,2.15,8.87,1165.0,120.0,2900.0,8.0,1,19.0,0.36,0.15,0.81,143.0,66,324.0,1.0,1,2.0,611.0,336.0,964.0,120.0,70.0,145.0,14.0,3,44.0,6.0,3.0,13.0,0,0,27,0,7,0,0,21,0,7,0,0,0,145,0,0,0,0,234,0,0,1,0,0,0,0,1,0,0,0,6,4,0,0,0,0,0,0,0,0,0,0,0,0,0,0,0,0,0,0,0,0,0,0,0,0,0,0,0,0,0,0,0,0,0,0,0,0,0,0,0,0,0,0,0,0,0
63,9,18,Devon Avenue,Salt Creek,2006,-9795587.075606022,5159923.790866642,1.88,0.53,3.12,6.92,1.59,11.33,815.0,120.0,7200.0,18.0,5,47.0,0.12,&lt RL,0.35,213.0,127,541.0,1.0,1,2.0,792.0,540.0,1226.0,85.0,58.0,119.0,14.0,4,29.0,5.0,4.0,5.0,0,15,16,0,1,0,0,5,17,0,0,5,1,0,0,0,0,0,0,0,0,0,0,0,0,0,0,0,0,0,0,0,0,0,0,0,0,2,1,0,0,0,0,0,0,0,0,0,0,0,0,0,0,0,0,0,0,0,0,0,0,0,0,0,0,0,0,0,0,0,0,0,0,0,0,0,0
42,8,22,Ogden Avenue,Des Plaines River,2006,-9775033.160497827,5134155.08934849,0.92,0.36,1.4,4.89,2.87,8.47,1600.0,400.0,9800.0,16.0,3,50.0,0.12,0.05,0.34,184.0,136,551.0,1.0,1,2.0,723.0,512.0,1246.0,91.0,58.0,198.0,36.0,7,111.0,5.0,4.0,6.0,0,2,22,0,0,9,0,0,3,0,1,3,0,0,0,0,0,0,0,0,0,0,0,0,0,0,0,0,0,0,0,0,0,0,0,0,1,0,0,0,0,1,0,0,0,0,0,0,0,0,0,0,0,0,0,0,0,0,0,0,0,0,0,0,0,0,0,0,0,0,0,0,0,0,0,0,0
180,10,64,Lake Street,West Branch Du Page River,2006,-9810939.89297938,5157781.364521299,1.91,0.98,3.22,8.38,4.05,13.84,765.0,210.0,10000.0,20.0,5,54.0,0.25,0.04,1.04,176.0,99,435.0,2.0,1,2.0,649.0,424.0,982.0,82.0,47.0,156.0,34.0,14,58.0,6.0,5.0,7.0,0,6,1,0,1,7,3,0,155,1,0,4,0,0,0,1,0,0,0,0,0,0,0,0,0,0,0,0,0,0,0,0,0,0,0,0,0,0,1,0,0,0,0,0,0,0,0,0,0,0,0,0,0,0,0,0,0,0,0,0,0,0,0,0,0,0,0,0,0,0,0,0,0,0,0,0,0
73,6,78,Wille Road,Higgins Creek,2006,-9789066.534741784,5163778.873133089,0.66,0.31,2.18,5.46,3.19,9.21,770.0,9.0,2800.0,3.0,1,6.0,0.4,0.05,1.02,181.0,135,414.0,2.0,1,2.0,706.0,480.0,1044.0,92.0,61.0,129.0,5.0,&lt RL,12.0,6.0,3.0,8.0,0,0,18,39,0,0,0,1,6,0,0,0,0,0,7,0,0,0,0,0,0,0,0,0,0,0,0,0,0,0,0,0,0,0,0,0,2,0,0,0,0,0,0,0,0,0,0,0,0,0,0,0,0,0,0,0,0,0,0,0,0,0,0,0,0,0,0,0,0,0,0,0,0,0,0,0,0
36,11,91,Material Service Road,Des Plaines River,2006,-9803757.593335949,5100729.017568359,0.92,0.36,1.27,4.86,2.54,7.97,375.0,20.0,4200.0,24.0,7,77.0,0.14,&lt RL,0.33,209.0,144,575.0,1.0,1,3.0,743.0,488.0,1282.0,94.0,62.0,158.0,28.0,9,57.0,5.0,4.0,6.0,0,1,9,0,0,1,1,0,1,0,0,6,10,0,1,0,0,0,1,0,1,0,0,0,0,0,0,0,0,0,0,0,0,0,0,0,0,0,0,0,0,0,0,0,0,0,0,0,0,0,0,0,4,0,0,0,0,0,0,0,0,0,0,0,0,0,0,0,0,0,0,0,0,0,0,0,0
24,4,96,Albany Avenue,North Branch Chicago River,2006,-9764088.462110575,5156857.124687181,0.76,0.34,1.39,3.83,2.23,6.25,705.0,140.0,11000.0,14.0,3,49.0,0.11,&lt RL,0.2,217.0,118,526.0,1.0,1,2.0,773.0,470.0,1276.0,73.0,44.0,124.0,28.0,14,92.0,5.0,4.0,6.0,0,0,0,0,0,0,15,2,1,0,0,0,6,0,0,0,0,0,0,0,0,0,0,0,0,0,0,0,0,0,0,0,0,0,0,0,0,0,0,0,0,0,0,0,0,0,0,0,0,0,0,0,0,0,0,0,0,0,0,0,0,0,0,0,0,0,0,0,0,0,0,0,0,0,0,0,0
388,15,41,Harlem Avenue,Chicago Sanitary and Ship Canal,2006,-9774026.337077957,5131234.839862472,0.82,0.33,1.34,7.41,3.76,11.39,4400.0,740.0,14000.0,3.0,&lt RL,10.0,0.36,0.21,0.52,132.0,70,240.0,2.0,1,2.0,517.0,344.0,728.0,72.0,45.0,95.0,12.0,3,33.0,4.0,3.0,5.0,0,3,39,1,48,4,0,11,2,4,0,7,0,103,0,0,0,0,37,0,0,0,0,0,0,1,125,0,0,0,2,1,0,0,0,0,0,0,0,0,0,0,0,0,0,0,0,0,0,0,0,0,0,0,0,0,0,0,0,0,0,0,0,0,0,0,0,0,0,0,0,0,0,0,0,0,0
205,11,75,Cicero Avenue,Chicago Sanitary and Ship Canal,2006,-9767527.508297496,5134013.305608013,0.66,0.37,1.3,3.84,2.49,5.87,335.0,40.0,210000.0,5.0,1,12.0,0.62,0.23,1.24,94.0,45,339.0,2.0,1,3.0,462.0,256.0,770.0,52.0,35.0,76.0,19.0,13,35.0,4.0,2.0,7.0,0,38,8,0,3,3,0,20,8,2,0,4,0,30,0,0,0,0,0,0,0,0,0,0,0,4,85,0,0,0,0,0,0,0,0,0,0,0,0,0,0,0,0,0,0,0,0,0,0,0,0,0,0,0,0,0,0,0,0,0,0,0,0,0,0,0,0,0,0,0,0,0,0,0,0,0,0
214,15,59,Cicero Avenue,Calumet-Sag Channel,2006,-9766975.298081215,5109491.834437173,1.8,0.93,3.54,5.31,3.04,8.04,500.0,180.0,5200.0,9.0,2,34.0,0.28,0.13,0.46,137.0,5,428.0,1.0,1,2.0,658.0,460.0,1074.0,123.0,69.0,174.0,25.0,9,74.0,5.0,4.0,6.0,0,6,24,0,10,1,0,27,2,12,0,0,0,110,0,0,0,0,10,0,0,0,0,0,0,1,3,3,0,0,3,1,0,0,0,0,0,0,0,0,0,0,0,0,0,0,0,0,0,0,0,0,0,0,0,0,0,0,0,0,1,0,0,0,0,0,0,0,0,0,0,0,0,0,0,0,0
64,8,92,Lockport Powerhouse,Chicago Sanitary and Ship Canal,2006,-9804834.0167114,5096870.642820761,0.93,0.26,1.61,5.9,3.14,11.11,360.0,20.0,4400.0,4.0,1,13.0,0.48,0.12,1.88,142.0,80,306.0,2.0,1,3.0,568.0,378.0,838.0,87.0,55.0,142.0,16.0,2,60.0,4.0,3.0,5.0,0,0,0,0,0,0,0,13,2,1,0,3,0,38,0,0,0,1,0,0,0,0,0,0,0,0,3,3,0,0,0,0,0,0,0,0,0,0,0,0,0,0,0,0,0,0,0,0,0,0,0,0,0,0,0,0,0,0,0,0,0,0,0,0,0,0,0,0,0,0,0,0,0,0,0,0,0
405,22,76,Halsted Street,Little Calumet River,2006,-9756147.689317685,5109826.122291395,1.84,0.73,3.93,6.14,2.79,9.31,2000.0,930.0,6800.0,8.0,0,28.0,0.25,0.09,0.4,135.0,72,390.0,1.0,1,2.0,577.0,394.0,892.0,91.0,55.0,119.0,13.0,3,24.0,4.0,2.0,6.0,0,35,11,0,8,1,9,95,1,30,0,11,0,25,0,0,0,0,8,0,0,0,0,0,0,67,89,1,4,1,1,1,0,0,0,0,0,2,0,0,0,0,0,0,0,0,0,0,0,1,0,0,0,0,0,0,0,2,0,2,0,0,0,0,0,0,0,0,0,0,0,0,0,0,0,0,0
59,7,64,Lake Street,West Branch Du Page River,2007,-9810939.89297938,5157781.364521299,2.06,0.34,3.86,7.34,0.72,12.58,3550.0,20.0,30000.0,23.0,4,42.0,0.34,0.04,0.9,162.0,94,1013.0,2.0,1,3.0,643.0,378.0,1090.0,65.0,31.0,90.0,28.0,9,54.0,6.0,4.0,7.0,0,1,1,0,0,0,1,2,47,3,0,4,0,0,0,0,0,0,0,0,0,0,0,0,0,0,0,0,0,0,0,0,0,0,0,0,0,0,0,0,0,0,0,0,0,0,0,0,0,0,0,0,0,0,0,0,0,0,0,0,0,0,0,0,0,0,0,0,0,0,0,0,0,0,0,0,0
465,6,78,Wille Road,Higgins Creek,2007,-9789066.534741784,5163778.873133089,0.81,0.3,1.66,5.83,3.1,9.23,975.0,9.0,5000.0,4.0,1,10.0,0.35,0.13,0.69,202.0,103,562.0,2.0,1,2.0,780.0,410.0,1224.0,91.0,30.0,113.0,6.0,&lt RL,18.0,5.0,3.0,7.0,0,0,2,454,0,0,5,0,1,0,0,0,0,0,2,0,0,0,0,0,0,0,0,0,1,0,0,0,0,0,0,0,0,0,0,0,0,0,0,0,0,0,0,0,0,0,0,0,0,0,0,0,0,0,0,0,0,0,0,0,0,0,0,0,0,0,0,0,0,0,0,0,0,0,0,0,0
20,4,18,Devon Avenue,Salt Creek,2007,-9795587.075606022,5159923.790866642,0.55,0.09,2.87,7.01,1.62,15.81,745.0,60.0,22000.0,14.0,4,31.0,0.11,0.02,0.25,222.0,131,736.0,1.0,1,2.0,766.0,488.0,1352.0,76.0,44.0,99.0,15.0,4,31.0,4.0,3.0,6.0,0,0,4,0,0,0,0,0,12,1,0,3,0,0,0,0,0,0,0,0,0,0,0,0,0,0,0,0,0,0,0,0,0,0,0,0,0,0,0,0,0,0,0,0,0,0,0,0,0,0,0,0,0,0,0,0,0,0,0,0,0,0,0,0,0,0,0,0,0,0,0,0,0,0,0,0,0
38,10,91,Material Service Road,Des Plaines River,2007,-9803757.593335949,5100729.017568359,0.73,0.28,1.27,4.28,1.23,8.55,110.0,20.0,2100.0,12.0,3,27.0,0.09,0.01,0.32,190.0,87,519.0,1.0,1,2.0,694.0,430.0,1152.0,75.0,38.0,98.0,26.0,&lt RL,62.0,5.0,3.0,8.0,0,0,4,0,0,0,0,4,17,0,0,1,0,0,5,0,0,0,0,3,1,0,0,0,0,0,0,0,0,1,0,0,0,0,0,0,1,0,0,0,0,0,0,0,0,0,0,0,0,0,0,0,0,0,0,0,0,0,1,0,0,0,0,0,0,0,0,0,0,0,0,0,0,0,0,0,0
14,4,96,Albany Avenue,North Branch Chicago River,2007,-9764088.462110575,5156857.124687181,0.81,0.2,1.85,4.07,1.11,10.0,430.0,220.0,5200.0,9.0,2,31.0,0.11,&lt RL,0.39,267.0,153,506.0,1.0,1,3.0,837.0,500.0,1788.0,60.0,37.0,79.0,17.0,4,41.0,4.0,3.0,5.0,0,0,0,0,0,0,7,1,5,0,0,0,1,0,0,0,0,0,0,0,0,0,0,0,0,0,0,0,0,0,0,0,0,0,0,0,0,0,0,0,0,0,0,0,0,0,0,0,0,0,0,0,0,0,0,0,0,0,0,0,0,0,0,0,0,0,0,0,0,0,0,0,0,0,0,0,0
71,14,22,Ogden Avenue,Des Plaines River,2007,-9775033.160497827,5134155.08934849,0.7,0.26,1.15,3.95,1.21,8.59,310.0,80.0,38000.0,6.0,1,16.0,0.13,0.06,0.24,184.0,89,482.0,1.0,1,1.0,690.0,416.0,1102.0,69.0,34.0,96.0,30.0,&lt RL,98.0,5.0,4.0,9.0,0,15,8,2,0,0,0,0,12,0,2,1,5,0,5,0,0,0,0,0,15,0,0,0,0,0,0,0,0,0,0,0,0,0,0,1,0,2,0,0,1,0,0,0,0,0,0,0,0,0,0,0,0,0,0,0,1,0,0,0,0,1,0,0,0,0,0,0,0,0,0,0,0,0,0,0,0
64,6,92,Lockport Powerhouse,Chicago Sanitary and Ship Canal,2007,-9804834.0167114,5096870.642820761,0.85,0.34,2.09,5.45,2.49,10.05,230.0,10.0,21000.0,6.0,1,19.0,0.52,0.17,1.94,137.0,85,669.0,2.0,1,3.0,634.0,346.0,1420.0,86.0,39.0,183.0,13.0,1,59.0,4.0,3.0,9.0,0,0,0,0,1,0,0,3,8,2,0,0,0,44,0,0,0,0,0,0,0,0,0,0,0,0,6,0,0,0,0,0,0,0,0,0,0,0,0,0,0,0,0,0,0,0,0,0,0,0,0,0,0,0,0,0,0,0,0,0,0,0,0,0,0,0,0,0,0,0,0,0,0,0,0,0,0
282,12,41,Harlem Avenue,Chicago Sanitary and Ship Canal,2007,-9774026.337077957,5131234.839862472,1.01,0.25,2.15,7.1,3.98,12.09,3750.0,800.0,300000.0,3.0,1,7.0,0.55,0.17,1.54,133.0,86,1154.0,2.0,1,5.0,749.0,352.0,2480.0,67.0,33.0,88.0,15.0,5,42.0,4.0,2.0,5.0,0,2,22,0,9,3,0,45,11,0,0,12,0,52,0,0,0,0,0,0,6,0,0,0,0,1,118,0,0,0,1,0,0,0,0,0,0,0,0,0,0,0,0,0,0,0,0,0,0,0,0,0,0,0,0,0,0,0,0,0,0,0,0,0,0,0,0,0,0,0,0,0,0,0,0,0,0
280,13,75,Cicero Avenue,Chicago Sanitary and Ship Canal,2007,-9767527.508297496,5134013.305608013,0.76,0.42,1.42,4.5,2.64,7.62,220.0,70.0,480000.0,5.0,1,16.0,0.59,0.24,1.17,129.0,50,960.0,1.0,1,2.0,630.0,278.0,1844.0,49.0,29.0,68.0,17.0,5,22.0,3.0,2.0,5.0,0,38,43,0,3,14,0,11,16,4,0,8,0,63,0,0,0,4,0,0,1,0,0,0,0,0,74,0,0,0,0,1,0,0,0,0,0,0,0,0,0,0,0,0,0,0,0,0,0,0,0,0,0,0,0,0,0,0,0,0,0,0,0,0,0,0,0,0,0,0,0,0,0,0,0,0,0
281,21,76,Halsted Street,Little Calumet River,2007,-9756147.689317685,5109826.122291395,1.04,0.72,1.36,5.16,2.61,9.9,3400.0,990.0,17000.0,7.0,0,41.0,0.29,0.2,0.43,116.0,79,689.0,1.0,1,3.0,637.0,384.0,1386.0,88.0,58.0,128.0,11.0,1,20.0,4.0,3.0,5.0,0,43,1,0,30,1,9,60,1,16,0,24,0,10,0,0,4,0,1,0,0,1,0,0,0,21,47,0,1,0,0,0,0,0,0,0,0,3,0,0,0,0,0,0,0,0,0,0,0,0,1,0,0,0,0,0,0,4,2,1,0,0,0,0,0,0,0,0,0,0,0,0,0,0,0,0,0
300,12,59,Cicero Avenue,Calumet-Sag Channel,2007,-9766975.298081215,5109491.834437173,0.99,0.53,1.76,3.92,1.91,6.94,1400.0,130.0,8600.0,8.0,1,43.0,0.26,0.11,0.56,120.0,65,620.0,1.0,1,2.0,602.0,366.0,1260.0,94.0,55.0,155.0,20.0,7,37.0,5.0,3.0,7.0,0,2,11,1,0,0,0,20,10,19,0,3,0,230,0,0,0,0,0,0,0,0,0,0,0,0,1,1,0,1,1,0,0,0,0,0,0,0,0,0,0,0,0,0,0,0,0,0,0,0,0,0,0,0,0,0,0,0,0,0,0,0,0,0,0,0,0,0,0,0,0,0,0,0,0,0,0
66,4,59,Cicero Avenue,Calumet-Sag Channel,2008,-9766975.298081215,5109491.834437173,1.8,0.59,3.57,5.02,2.2,8.6,910.0,160.0,3500.0,8.0,2,23.0,0.39,0.18,0.91,169.0,69,343.0,1.0,1,2.0,672.0,432.0,1006.0,134.0,71.0,294.0,23.0,11,51.0,4.0,2.0,5.0,0,0,0,0,0,0,0,8,1,3,0,0,0,54,0,0,0,0,0,0,0,0,0,0,0,0,0,0,0,0,0,0,0,0,0,0,0,0,0,0,0,0,0,0,0,0,0,0,0,0,0,0,0,0,0,0,0,0,0,0,0,0,0,0,0,0,0,0,0,0,0,0,0,0,0,0,0
171,10,92,Lockport Powerhouse,Chicago Sanitary and Ship Canal,2008,-9804834.0167114,5096870.642820761,0.96,0.24,2.17,5.52,0.12,10.78,270.0,9.0,33000.0,5.0,1,17.0,0.47,0.08,2.57,162.0,50,867.0,1.0,1,4.0,706.0,236.0,1718.0,87.0,33.0,130.0,23.0,7,208.0,4.0,2.0,5.0,0,0,14,0,0,0,0,3,0,2,0,1,0,118,0,0,0,2,25,0,0,0,0,0,0,0,4,1,0,0,0,0,0,0,0,0,0,0,1,0,0,0,0,0,0,0,0,0,0,0,0,0,0,0,0,0,0,0,0,0,0,0,0,0,0,0,0,0,0,0,0,0,0,0,0,0,0
45,12,76,Halsted Street,Little Calumet River,2008,-9756147.689317685,5109826.122291395,2.03,0.82,6.73,5.15,2.7,8.1,3050.0,730.0,10000.0,8.0,1,16.0,0.34,0.15,0.54,170.0,55,476.0,1.0,1,2.0,695.0,358.0,1216.0,98.0,38.0,172.0,19.0,4,55.0,4.0,2.0,6.0,0,0,2,3,0,0,1,16,3,4,0,0,0,8,0,0,0,0,4,0,0,0,0,0,0,1,1,0,0,0,0,0,1,0,0,0,0,0,0,0,0,0,0,0,0,0,0,0,0,0,0,0,0,0,0,0,0,1,0,0,0,0,0,0,0,0,0,0,0,0,0,0,0,0,0,0,0
186,12,41,Harlem Avenue,Chicago Sanitary and Ship Canal,2008,-9774026.337077957,5131234.839862472,0.85,0.21,2.25,7.25,0.31,14.84,2650.0,870.0,590000.0,2.0,0,7.0,0.5,0.14,1.86,175.0,82,378.0,1.0,1,3.0,608.0,374.0,862.0,69.0,39.0,98.0,10.0,5,17.0,4.0,2.0,4.0,0,4,41,0,0,4,0,1,5,0,0,4,0,52,0,0,0,0,6,0,2,0,0,0,0,2,64,0,0,0,1,0,0,0,0,0,0,0,0,0,0,0,0,0,0,0,0,0,0,0,0,0,0,0,0,0,0,0,0,0,0,0,0,0,0,0,0,0,0,0,0,0,0,0,0,0,0
58,11,75,Cicero Avenue,Chicago Sanitary and Ship Canal,2008,-9767527.508297496,5134013.305608013,0.65,0.19,1.2,4.48,0.16,7.7,250.0,30.0,76000.0,4.0,1,12.0,0.66,0.17,2.32,170.0,47,487.0,2.0,1,4.0,587.0,304.0,900.0,54.0,27.0,76.0,17.0,7,24.0,3.0,2.0,4.0,0,5,3,0,0,0,0,21,5,1,0,8,0,2,0,0,0,1,1,0,0,0,0,0,0,1,10,0,0,0,0,0,0,0,0,0,0,0,0,0,0,0,0,0,0,0,0,0,0,0,0,0,0,0,0,0,0,0,0,0,0,0,0,0,0,0,0,0,0,0,0,0,0,0,0,0,0
6,4,18,Devon Avenue,Salt Creek,2008,-9795587.075606022,5159923.790866642,0.24,0.06,0.5,8.69,1.98,19.84,480.0,130.0,8300.0,14.0,4,44.0,0.09,&lt RL,0.2,241.0,138,966.0,1.0,1,1.0,970.0,474.0,1844.0,75.0,53.0,99.0,12.0,5,34.0,4.0,2.0,5.0,0,1,0,0,0,0,0,0,3,0,0,1,1,0,0,0,0,0,0,0,0,0,0,0,0,0,0,0,0,0,0,0,0,0,0,0,0,0,0,0,0,0,0,0,0,0,0,0,0,0,0,0,0,0,0,0,0,0,0,0,0,0,0,0,0,0,0,0,0,0,0,0,0,0,0,0,0
20,5,78,Wille Road,Higgins Creek,2008,-9789066.534741784,5163778.873133089,1.18,0.36,2.32,7.98,3.97,11.97,840.0,9.0,6900.0,2.0,1,4.0,0.38,0.09,0.7,188.0,143,610.0,2.0,1,2.0,824.0,660.0,1374.0,90.0,60.0,109.0,9.0,1,36.0,5.0,3.0,6.0,0,0,1,14,0,0,1,0,2,0,0,2,0,0,0,0,0,0,0,0,0,0,0,0,0,0,0,0,0,0,0,0,0,0,0,0,0,0,0,0,0,0,0,0,0,0,0,0,0,0,0,0,0,0,0,0,0,0,0,0,0,0,0,0,0,0,0,0,0,0,0,0,0,0,0,0,0
90,9,64,Lake Street,West Branch Du Page River,2008,-9810939.89297938,5157781.364521299,2.12,0.34,3.72,9.1,1.47,16.3,1250.0,20.0,4300.0,19.0,5,36.0,0.25,0.11,0.4,169.0,100,583.0,2.0,1,2.0,723.0,476.0,1328.0,68.0,39.0,100.0,35.0,22,60.0,5.0,4.0,7.0,0,4,4,0,0,2,6,2,67,0,1,3,0,0,0,0,0,0,0,0,0,0,0,0,0,0,0,0,0,0,0,0,0,0,0,0,0,0,0,0,0,0,0,0,0,0,0,0,0,0,0,0,0,0,0,0,0,0,0,0,0,1,0,0,0,0,0,0,0,0,0,0,0,0,0,0,0
71,13,91,Material Service Road,Des Plaines River,2008,-9803757.593335949,5100729.017568359,0.68,0.29,1.2,4.65,2.37,8.06,60.0,9.0,750.0,26.0,4,118.0,0.08,&lt RL,0.22,193.0,105,654.0,1.0,1,2.0,801.0,412.0,1318.0,76.0,44.0,102.0,26.0,8,62.0,4.0,3.0,6.0,0,1,17,0,0,0,0,0,1,1,0,6,10,0,4,0,0,0,0,0,13,0,0,0,0,0,0,0,12,0,0,0,0,0,0,0,0,0,0,0,2,0,0,0,0,0,0,0,0,0,1,0,1,0,0,0,0,0,0,0,0,0,0,0,0,0,2,0,0,0,0,0,0,0,0,0,0
52,5,96,Albany Avenue,North Branch Chicago River,2008,-9764088.462110575,5156857.124687181,0.52,0.19,0.92,2.84,1.05,6.55,560.0,120.0,20000.0,8.0,1,16.0,0.15,0.08,0.35,236.0,117,1103.0,1.0,1,2.0,883.0,402.0,2138.0,64.0,29.0,122.0,30.0,3,111.0,4.0,2.0,5.0,0,0,0,28,0,0,5,1,15,0,0,0,3,0,0,0,0,0,0,0,0,0,0,0,0,0,0,0,0,0,0,0,0,0,0,0,0,0,0,0,0,0,0,0,0,0,0,0,0,0,0,0,0,0,0,0,0,0,0,0,0,0,0,0,0,0,0,0,0,0,0,0,0,0,0,0,0
117,17,22,Ogden Avenue,Des Plaines River,2008,-9775033.160497827,5134155.08934849,0.68,0.23,1.29,4.8,2.48,9.85,250.0,120.0,3400.0,21.0,1,83.0,0.11,0.03,0.37,195.0,162,597.0,1.0,1,2.0,783.0,472.0,1368.0,75.0,63.0,89.0,29.0,12,81.0,4.0,3.0,6.0,0,9,34,0,0,0,1,1,12,2,2,0,2,0,5,7,0,0,0,0,0,0,0,0,0,0,2,0,8,0,0,0,0,0,0,0,5,0,1,0,0,0,0,0,0,0,0,0,0,0,0,0,1,0,17,0,0,0,0,0,0,0,0,0,0,0,8,0,0,0,0,0,0,0,0,0,0
86,10,59,Cicero Avenue,Calumet-Sag Channel,2009,-9766975.298081215,5109491.834437173,1.26,0.39,3.74,3.52,1.78,5.21,300.0,60.0,2400.0,12.0,2,49.0,0.26,0.16,0.41,135.0,59,260.0,1.0,1,2.0,555.0,306.0,770.0,99.0,47.0,148.0,22.0,7,51.0,5.0,3.0,7.0,0,0,30,0,0,1,0,17,9,11,0,1,0,10,0,0,0,0,0,0,0,0,0,0,0,0,0,5,0,0,1,0,0,0,0,0,1,0,0,0,0,0,0,0,0,0,0,0,0,0,0,0,0,0,0,0,0,0,0,0,0,0,0,0,0,0,0,0,0,0,0,0,0,0,0,0,0
285,15,75,Cicero Avenue,Chicago Sanitary and Ship Canal,2009,-9767527.508297496,5134013.305608013,0.54,0.24,1.04,3.95,1.62,7.07,170.0,20.0,1200.0,3.0,1,5.0,0.44,0.23,0.77,121.0,50,355.0,1.0,1,2.0,485.0,266.0,840.0,42.0,29.0,55.0,17.0,12,24.0,4.0,3.0,5.0,0,30,63,0,10,6,0,96,8,1,0,14,0,1,0,0,0,5,1,0,1,0,0,0,0,3,44,0,0,0,0,2,0,0,0,0,0,0,0,0,0,0,0,0,0,0,0,0,0,0,0,0,0,0,0,0,0,0,0,0,0,0,0,0,0,0,0,0,0,0,0,0,0,0,0,0,0
266,13,41,Harlem Avenue,Chicago Sanitary and Ship Canal,2009,-9774026.337077957,5131234.839862472,0.71,0.18,1.51,6.35,3.75,7.95,3450.0,280.0,110000.0,2.0,1,6.0,0.58,0.15,2.53,159.0,63,374.0,1.0,1,4.0,570.0,306.0,914.0,56.0,36.0,66.0,10.0,4,17.0,4.0,4.0,5.0,0,9,82,0,2,21,0,35,10,0,0,16,0,8,0,0,0,3,6,0,0,0,0,0,0,2,71,0,1,0,0,0,0,0,0,0,0,0,0,0,0,0,0,0,0,0,0,0,0,0,0,0,0,0,0,0,0,0,0,0,0,0,0,0,0,0,0,0,0,0,0,0,0,0,0,0,0
392,18,76,Halsted Street,Little Calumet River,2009,-9756147.689317685,5109826.122291395,1.49,0.62,3.99,4.56,2.27,7.38,2800.0,670.0,5900.0,13.0,1,51.0,0.32,0.17,0.45,144.0,58,311.0,1.0,1,2.0,566.0,284.0,858.0,76.0,42.0,118.0,12.0,7,17.0,4.0,3.0,6.0,0,47,5,0,12,1,17,56,0,15,1,5,0,15,0,0,0,0,2,0,0,4,0,0,0,96,112,1,1,0,0,0,0,0,0,0,0,0,0,0,0,0,0,0,0,0,0,0,0,0,1,0,0,0,0,0,0,1,0,0,0,0,0,0,0,0,0,0,0,0,0,0,0,0,0,0,0
148,11,92,Lockport Powerhouse,Chicago Sanitary and Ship Canal,2009,-9804834.0167114,5096870.642820761,0.86,0.38,1.58,5.34,2.18,8.77,140.0,9.0,38000.0,6.0,1,32.0,0.42,0.12,1.06,144.0,72,372.0,1.0,0,2.0,588.0,330.0,996.0,76.0,47.0,110.0,16.0,4,95.0,4.0,3.0,6.0,0,4,11,0,0,2,0,0,6,6,0,1,0,82,0,0,0,2,2,0,0,0,0,0,0,0,29,0,0,0,0,0,0,0,0,0,0,0,0,0,0,3,0,0,0,0,0,0,0,0,0,0,0,0,0,0,0,0,0,0,0,0,0,0,0,0,0,0,0,0,0,0,0,0,0,0,0
28,2,78,Wille Road,Higgins Creek,2009,-9789066.534741784,5163778.873133089,0.96,0.09,2.37,8.26,1.57,14.33,630.0,9.0,9800.0,2.0,1,5.0,0.27,0.1,0.46,186.0,130,572.0,1.0,1,2.0,781.0,528.0,1514.0,82.0,53.0,97.0,7.0,2,20.0,5.0,4.0,6.0,0,0,0,27,0,0,0,0,0,1,0,0,0,0,0,0,0,0,0,0,0,0,0,0,0,0,0,0,0,0,0,0,0,0,0,0,0,0,0,0,0,0,0,0,0,0,0,0,0,0,0,0,0,0,0,0,0,0,0,0,0,0,0,0,0,0,0,0,0,0,0,0,0,0,0,0,0
41,9,64,Lake Street,West Branch Du Page River,2009,-9810939.89297938,5157781.364521299,1.75,0.63,3.55,8.91,4.78,16.23,605.0,30.0,3300.0,19.0,2,40.0,0.17,0.05,0.48,149.0,102,332.0,2.0,1,2.0,638.0,436.0,902.0,61.0,44.0,72.0,26.0,14,37.0,6.0,5.0,8.0,0,9,0,1,0,3,6,1,7,11,0,2,0,0,0,0,0,0,0,0,0,0,0,0,0,0,1,0,0,0,0,0,0,0,0,0,0,0,0,0,0,0,0,0,0,0,0,0,0,0,0,0,0,0,0,0,0,0,0,0,0,0,0,0,0,0,0,0,0,0,0,0,0,0,0,0,0
59,13,22,Ogden Avenue,Des Plaines River,2009,-9775033.160497827,5134155.08934849,0.65,0.23,1.71,4.04,1.73,7.99,360.0,40.0,2000.0,20.0,2,106.0,0.09,0.01,0.18,166.0,116,257.0,1.0,1,2.0,590.0,464.0,732.0,57.0,42.0,80.0,28.0,12,52.0,6.0,4.0,7.0,0,10,4,0,0,9,5,1,17,3,1,0,0,0,0,2,2,0,0,0,0,0,0,0,0,0,1,0,2,0,0,0,0,0,0,2,0,0,0,0,0,0,0,0,0,0,0,0,0,0,0,0,0,0,0,0,0,0,0,0,0,0,0,0,0,0,0,0,0,0,0,0,0,0,0,0,0
32,10,91,Material Service Road,Des Plaines River,2009,-9803757.593335949,5100729.017568359,0.59,0.23,1.12,3.78,1.71,7.34,105.0,9.0,970.0,24.0,0,130.0,0.11,0.03,0.37,170.0,109,310.0,1.0,1,2.0,610.0,392.0,884.0,61.0,44.0,88.0,26.0,8,44.0,5.0,4.0,7.0,0,0,2,0,0,0,7,0,8,0,0,2,2,0,1,0,0,0,0,1,0,0,0,0,0,0,0,0,6,0,0,0,0,0,0,0,0,0,0,0,0,0,0,0,0,0,0,0,0,0,0,0,0,0,0,0,0,0,1,0,0,0,0,0,0,0,2,0,0,0,0,0,0,0,0,0,0
28,6,18,Devon Avenue,Salt Creek,2009,-9795587.075606022,5159923.790866642,1.56,0.43,4.47,7.6,2.9,16.7,380.0,30.0,1200.0,15.0,2,47.0,0.07,0.01,0.19,168.0,118,435.0,1.0,1,1.0,687.0,346.0,1014.0,62.0,50.0,70.0,17.0,7,35.0,5.0,4.0,6.0,0,2,3,0,0,0,0,0,6,8,3,6,0,0,0,0,0,0,0,0,0,0,0,0,0,0,0,0,0,0,0,0,0,0,0,0,0,0,0,0,0,0,0,0,0,0,0,0,0,0,0,0,0,0,0,0,0,0,0,0,0,0,0,0,0,0,0,0,0,0,0,0,0,0,0,0,0
38,6,96,Albany Avenue,North Branch Chicago River,2009,-9764088.462110575,5156857.124687181,0.55,0.16,1.08,3.6,0.74,6.2,465.0,9.0,4400.0,7.0,1,24.0,0.12,0.02,0.36,230.0,148,510.0,1.0,0,1.0,751.0,404.0,1196.0,54.0,29.0,76.0,22.0,2,65.0,5.0,3.0,6.0,0,0,0,11,0,0,8,0,2,1,0,0,0,0,0,0,0,0,0,0,0,0,0,0,0,14,0,0,0,0,0,0,0,0,0,0,0,0,0,0,0,0,0,0,0,0,0,0,0,0,0,0,0,0,0,0,0,0,2,0,0,0,0,0,0,0,0,0,0,0,0,0,0,0,0,0,0
31,6,64,Lake Street,West Branch Du Page River,2010,-9810939.89297938,5157781.364521299,1.15,0.57,1.73,6.82,3.43,10.35,690.0,130.0,10000.0,16.0,4,37.0,0.75,0.15,2.32,257.0,144,790.0,2.0,1,4.0,912.0,560.0,1714.0,59.0,43.0,77.0,27.0,17,35.0,6.0,4.0,7.0,0,3,0,0,0,0,0,5,16,3,1,3,0,0,0,0,0,0,0,0,0,0,0,0,0,0,0,0,0,0,0,0,0,0,0,0,0,0,0,0,0,0,0,0,0,0,0,0,0,0,0,0,0,0,0,0,0,0,0,0,0,0,0,0,0,0,0,0,0,0,0,0,0,0,0,0,0
103,3,92,Lockport Powerhouse,Chicago Sanitary and Ship Canal,2010,-9804834.0167114,5096870.642820761,1.12,0.34,2.18,5.91,2.24,11.54,90.0,9.0,4500.0,5.0,0,32.0,0.57,0.14,1.73,123.0,88,554.0,1.0,1,3.0,658.0,294.0,1718.0,82.0,51.0,118.0,10.0,4,44.0,5.0,4.0,7.0,0,0,0,0,0,0,0,0,6,1,0,0,0,96,0,0,0,0,0,0,0,0,0,0,0,0,0,0,0,0,0,0,0,0,0,0,0,0,0,0,0,0,0,0,0,0,0,0,0,0,0,0,0,0,0,0,0,0,0,0,0,0,0,0,0,0,0,0,0,0,0,0,0,0,0,0,0
61,16,22,Ogden Avenue,Des Plaines River,2010,-9775033.160497827,5134155.08934849,0.79,0.34,1.68,5.52,1.47,9.93,390.0,100.0,1200.0,12.0,1,52.0,0.13,0.04,0.53,190.0,106,697.0,1.0,1,1.0,750.0,442.0,1610.0,64.0,37.0,90.0,21.0,4,60.0,5.0,3.0,7.0,0,7,0,0,0,9,11,0,17,1,0,2,1,1,1,0,0,0,0,0,0,0,0,0,0,1,0,0,2,0,0,0,0,0,0,1,3,0,0,0,2,1,0,0,0,0,0,0,0,0,0,0,0,0,1,0,0,0,0,0,0,0,0,0,0,0,0,0,0,0,0,0,0,0,0,0,0
30,10,91,Material Service Road,Des Plaines River,2010,-9803757.593335949,5100729.017568359,0.68,0.3,1.34,4.78,1.82,8.46,60.0,10.0,340.0,26.0,2,86.0,0.06,0.01,0.13,174.0,97,859.0,1.0,1,2.0,739.0,420.0,1844.0,67.0,37.0,90.0,23.0,7,53.0,5.0,3.0,7.0,0,0,3,0,0,0,0,1,1,1,0,15,1,0,1,0,0,5,0,0,1,0,0,0,0,0,0,0,1,0,0,0,0,0,0,0,0,0,0,0,0,0,0,0,0,0,0,0,0,0,0,0,0,0,0,0,0,0,0,0,0,0,0,0,0,0,0,0,0,0,0,0,0,0,0,0,0
181,15,59,Cicero Avenue,Calumet-Sag Channel,2010,-9766975.298081215,5109491.834437173,1.92,0.5,6.65,4.55,1.84,9.16,730.0,120.0,7800.0,4.0,2,9.0,0.43,0.22,0.94,124.0,66,321.0,1.0,1,2.0,598.0,234.0,882.0,96.0,55.0,147.0,19.0,6,51.0,6.0,4.0,7.0,0,11,1,1,8,14,0,20,2,31,0,2,0,82,0,0,0,1,4,0,0,0,0,0,0,2,0,0,0,0,1,0,0,0,0,0,0,0,0,0,0,0,0,0,0,0,0,0,0,1,0,0,0,0,0,0,0,0,0,0,0,0,0,0,0,0,0,0,0,0,0,0,0,0,0,0,0
1103,15,41,Harlem Avenue,Chicago Sanitary and Ship Canal,2010,-9774026.337077957,5131234.839862472,0.79,0.32,1.59,8.12,4.56,13.81,2000.0,410.0,4700.0,4.0,1,11.0,0.52,0.21,0.98,195.0,92,284.0,2.0,1,2.0,614.0,364.0,812.0,61.0,46.0,76.0,8.0,5,11.0,5.0,4.0,5.0,0,11,128,0,42,23,0,29,10,12,0,23,0,51,0,0,0,4,14,0,661,0,0,0,0,16,78,0,0,0,0,0,0,0,0,0,0,0,0,0,0,0,0,0,0,0,0,0,0,1,0,0,0,0,0,0,0,0,0,0,0,0,0,0,0,0,0,0,0,0,0,0,0,0,0,0,0
73,5,96,Albany Avenue,North Branch Chicago River,2010,-9764088.462110575,5156857.124687181,0.69,0.22,1.67,4.5,2.05,8.96,600.0,10.0,20000.0,9.0,1,40.0,0.11,0.03,0.38,222.0,132,707.0,1.0,1,1.0,868.0,418.0,1724.0,53.0,32.0,76.0,14.0,5,67.0,5.0,3.0,10.0,0,0,0,4,0,0,0,0,49,0,0,6,0,0,0,0,0,0,0,0,0,0,0,0,0,1,0,0,0,0,0,0,0,0,0,0,0,0,0,0,0,0,0,0,0,0,0,0,0,0,0,0,0,0,0,0,0,0,13,0,0,0,0,0,0,0,0,0,0,0,0,0,0,0,0,0,0
235,3,78,Wille Road,Higgins Creek,2010,-9789066.534741784,5163778.873133089,1.02,0.4,2.2,7.9,4.18,12.17,450.0,9.0,4900.0,3.0,0,8.0,0.22,0.13,0.41,179.0,127,463.0,1.0,1,2.0,758.0,460.0,1260.0,78.0,41.0,97.0,4.0,2,13.0,5.0,4.0,6.0,0,0,2,227,0,0,0,0,0,0,0,0,0,0,0,0,0,0,0,0,0,0,0,0,0,0,0,0,0,0,0,0,0,0,0,0,6,0,0,0,0,0,0,0,0,0,0,0,0,0,0,0,0,0,0,0,0,0,0,0,0,0,0,0,0,0,0,0,0,0,0,0,0,0,0,0,0
31,8,18,Devon Avenue,Salt Creek,2010,-9795587.075606022,5159923.790866642,1.64,0.35,2.96,8.31,2.4,13.72,410.0,50.0,2200.0,14.0,3,54.0,0.25,0.05,1.27,321.0,131,728.0,1.0,1,2.0,880.0,496.0,1568.0,72.0,52.0,90.0,11.0,5,21.0,6.0,4.0,7.0,0,1,6,0,0,1,0,0,4,9,0,7,0,0,0,0,0,0,0,0,0,0,0,0,0,0,0,0,0,0,0,0,0,0,0,0,0,0,2,0,0,0,0,0,0,0,0,0,0,0,0,0,0,0,0,0,0,0,0,0,0,0,0,0,0,0,0,1,0,0,0,0,0,0,0,0,0
538,20,76,Halsted Street,Little Calumet River,2010,-9756147.689317685,5109826.122291395,2.01,0.66,4.66,5.38,1.84,9.7,1550.0,430.0,20000.0,4.0,0,10.0,0.37,0.14,0.71,138.0,56,335.0,1.0,1,2.0,579.0,318.0,844.0,75.0,41.0,100.0,8.0,4,14.0,5.0,3.0,7.0,0,23,0,25,7,0,41,69,6,135,0,3,0,169,0,0,0,0,0,1,0,3,0,0,1,19,17,0,0,0,0,1,0,0,0,0,0,2,0,0,0,0,0,0,0,0,0,6,0,0,0,0,0,0,0,0,0,7,2,0,0,0,0,1,0,0,0,0,0,0,0,0,0,0,0,0,0
589,14,75,Cicero Avenue,Chicago Sanitary and Ship Canal,2010,-9767527.508297496,5134013.305608013,0.68,0.23,1.22,5.15,2.27,8.81,145.0,20.0,1000.0,5.0,1,11.0,0.56,0.25,1.54,122.0,61,298.0,1.0,1,2.0,533.0,324.0,812.0,43.0,32.0,55.0,13.0,7,22.0,4.0,3.0,6.0,0,21,29,0,7,3,0,85,4,0,0,10,0,157,0,0,0,0,0,0,234,0,0,0,0,10,16,0,0,0,4,8,0,0,0,0,0,0,0,0,0,0,0,0,0,0,0,0,0,0,0,0,0,0,0,0,0,0,0,0,0,0,0,0,0,0,1,0,0,0,0,0,0,0,0,0,0
3,1,78,Wille Road,Higgins Creek,2011,-9789066.534741784,5163778.873133089,0.98,0.16,2.12,8.86,6.19,12.86,330.0,10.0,4800.0,2.0,0,8.0,0.26,0.08,0.48,185.0,145,492.0,1.0,1,2.0,797.0,566.0,1142.0,86.0,66.0,97.0,3.0,1,8.0,5.0,3.0,6.0,0,0,0,3,0,0,0,0,0,0,0,0,0,0,0,0,0,0,0,0,0,0,0,0,0,0,0,0,0,0,0,0,0,0,0,0,0,0,0,0,0,0,0,0,0,0,0,0,0,0,0,0,0,0,0,0,0,0,0,0,0,0,0,0,0,0,0,0,0,0,0,0,0,0,0,0,0
32,5,22,Ogden Avenue,Des Plaines River,2011,-9775033.160497827,5134155.08934849,0.62,0.21,1.39,4.36,1.57,7.62,310.0,20.0,1200.0,20.0,4,126.0,0.12,0.03,0.33,180.0,99,489.0,1.0,1,1.0,707.0,476.0,1100.0,63.0,37.0,76.0,18.0,4,33.0,6.0,4.0,7.0,0,2,0,0,0,4,5,0,17,0,0,0,0,0,0,0,0,0,0,0,0,0,0,0,0,0,0,0,4,0,0,0,0,0,0,0,0,0,0,0,0,0,0,0,0,0,0,0,0,0,0,0,0,0,0,0,0,0,0,0,0,0,0,0,0,0,0,0,0,0,0,0,0,0,0,0,0
25,7,64,Lake Street,West Branch Du Page River,2011,-9810939.89297938,5157781.364521299,,,,,,,,,,,,,,,,,,,,,,,,,,,,,,,,,,0,2,1,0,0,0,3,1,13,0,0,4,0,0,0,0,0,0,0,0,0,1,0,0,0,0,0,0,0,0,0,0,0,0,0,0,0,0,0,0,0,0,0,0,0,0,0,0,0,0,0,0,0,0,0,0,0,0,0,0,0,0,0,0,0,0,0,0,0,0,0,0,0,0,0,0,0
137,9,41,Harlem Avenue,Chicago Sanitary and Ship Canal,2011,-9774026.337077957,5131234.839862472,0.48,0.26,0.76,6.29,4.14,11.99,5450.0,40.0,15000.0,3.0,1,6.0,0.76,0.2,2.52,145.0,87,479.0,2.0,1,4.0,615.0,372.0,1046.0,63.0,40.0,89.0,12.0,4,25.0,5.0,4.0,8.0,0,18,49,0,0,0,0,18,5,0,0,8,0,3,0,0,0,3,0,0,4,0,0,0,0,0,29,0,0,0,0,0,0,0,0,0,0,0,0,0,0,0,0,0,0,0,0,0,0,0,0,0,0,0,0,0,0,0,0,0,0,0,0,0,0,0,0,0,0,0,0,0,0,0,0,0,0
17,6,91,Material Service Road,Des Plaines River,2011,-9803757.593335949,5100729.017568359,0.55,0.23,1.19,3.83,1.34,7.69,100.0,10.0,870.0,16.0,6,33.0,0.11,0.02,0.34,172.0,102,479.0,1.0,1,1.0,688.0,438.0,1080.0,63.0,36.0,85.0,21.0,6,31.0,5.0,4.0,6.0,0,0,0,0,0,3,0,0,0,0,0,3,4,0,0,0,0,0,0,0,1,0,0,0,0,0,0,0,0,0,0,0,0,0,0,0,0,0,0,0,0,0,0,0,0,0,0,0,0,0,0,0,0,0,0,0,0,0,2,0,0,0,0,0,0,0,4,0,0,0,0,0,0,0,0,0,0
124,11,59,Cicero Avenue,Calumet-Sag Channel,2011,-9766975.298081215,5109491.834437173,1.58,0.38,3.39,4.69,2.2,8.08,2000.0,210.0,10000.0,4.0,1,7.0,0.48,0.29,0.86,137.0,63,474.0,1.0,1,2.0,679.0,376.0,1110.0,103.0,48.0,140.0,26.0,7,48.0,5.0,4.0,7.0,0,6,13,0,0,0,0,11,9,19,0,1,0,60,0,0,0,0,2,0,0,0,0,0,0,1,1,1,0,0,0,0,0,0,0,0,0,0,0,0,0,0,0,0,0,0,0,0,0,0,0,0,0,0,0,0,0,0,0,0,0,0,0,0,0,0,0,0,0,0,0,0,0,0,0,0,0
47,7,92,Lockport Powerhouse,Chicago Sanitary and Ship Canal,2011,-9804834.0167114,5096870.642820761,0.93,0.28,1.96,5.77,2.7,13.37,220.0,10.0,10000.0,4.0,0,15.0,0.72,0.26,2.68,143.0,95,566.0,2.0,1,4.0,650.0,258.0,1306.0,81.0,46.0,129.0,11.0,4,31.0,5.0,4.0,16.0,0,1,0,0,0,0,0,0,27,2,0,1,0,1,0,0,0,0,0,0,14,0,0,0,0,0,1,0,0,0,0,0,0,0,0,0,0,0,0,0,0,0,0,0,0,0,0,0,0,0,0,0,0,0,0,0,0,0,0,0,0,0,0,0,0,0,0,0,0,0,0,0,0,0,0,0,0
401,13,75,Cicero Avenue,Chicago Sanitary and Ship Canal,2011,-9767527.508297496,5134013.305608013,0.6,0.25,1.11,4.51,1.69,8.87,245.0,9.0,290000.0,4.0,1,14.0,0.77,0.19,1.68,129.0,53,479.0,2.0,1,3.0,554.0,256.0,1040.0,46.0,18.0,72.0,23.0,4,99.0,4.0,3.0,5.0,0,12,1,0,1,1,0,10,15,2,0,1,0,136,0,0,0,2,0,0,202,0,0,0,0,5,13,0,0,0,0,0,0,0,0,0,0,0,0,0,0,0,0,0,0,0,0,0,0,0,0,0,0,0,0,0,0,0,0,0,0,0,0,0,0,0,0,0,0,0,0,0,0,0,0,0,0
60,8,18,Devon Avenue,Salt Creek,2011,-9795587.075606022,5159923.790866642,1.29,0.23,2.96,7.18,3.04,13.21,310.0,9.0,6300.0,12.0,3,24.0,0.14,0.05,0.34,180.0,133,822.0,1.0,1,1.0,790.0,480.0,1504.0,66.0,43.0,84.0,10.0,4,18.0,5.0,4.0,7.0,0,25,0,0,0,1,0,0,18,4,5,4,2,0,0,0,0,0,0,0,0,0,0,0,0,1,0,0,0,0,0,0,0,0,0,0,0,0,0,0,0,0,0,0,0,0,0,0,0,0,0,0,0,0,0,0,0,0,0,0,0,0,0,0,0,0,0,0,0,0,0,0,0,0,0,0,0
68,6,96,Albany Avenue,North Branch Chicago River,2011,-9764088.462110575,5156857.124687181,0.49,0.2,1.15,4.2,1.02,9.12,270.0,20.0,23000.0,10.0,2,23.0,0.15,0.02,0.63,221.0,116,479.0,1.0,1,1.0,766.0,432.0,1140.0,56.0,27.0,73.0,18.0,3,65.0,6.0,4.0,8.0,0,4,0,0,0,0,0,1,38,0,0,0,20,0,0,0,0,2,0,0,0,0,0,0,0,0,0,0,0,0,0,0,0,0,0,0,0,0,0,0,0,0,0,0,0,0,0,0,0,0,0,0,0,0,0,0,0,0,3,0,0,0,0,0,0,0,0,0,0,0,0,0,0,0,0,0,0
589,12,76,Halsted Street,Little Calumet River,2011,-9756147.689317685,5109826.122291395,1.66,0.06,3.5,5.53,0.93,10.41,1300.0,40.0,28000.0,3.0,0,11.0,0.47,0.19,1.19,157.0,62,366.0,1.0,1,2.0,611.0,332.0,936.0,83.0,38.0,154.0,15.0,4,85.0,5.0,3.0,6.0,0,89,0,0,1,0,27,60,3,44,0,18,0,246,0,0,0,0,0,0,0,0,0,0,1,8,90,0,0,0,0,0,0,0,0,0,0,0,0,0,0,0,0,0,0,0,0,0,0,0,0,0,0,0,0,0,0,0,2,0,0,0,0,0,0,0,0,0,0,0,0,0,0,0,0,0,0
8,3,78,Wille Road,Higgins Creek,2012,-9789066.534741784,5163778.873133089,1.38,0.28,3.07,8.61,2.8,14.37,180.0,20.0,40000.0,2.0,1,7.0,0.3,&lt RL,0.85,156.0,88,285.0,1.0,1,2.0,687.0,330.0,988.0,77.0,31.0,90.0,6.0,1,34.0,5.0,3.0,8.0,0,0,3,3,0,0,0,0,2,0,0,0,0,0,0,0,0,0,0,0,0,0,0,0,0,0,0,0,0,0,0,0,0,0,0,0,0,0,0,0,0,0,0,0,0,0,0,0,0,0,0,0,0,0,0,0,0,0,0,0,0,0,0,0,0,0,0,0,0,0,0,0,0,0,0,0,0
76,6,64,Lake Street,West Branch Du Page River,2012,-9810939.89297938,5157781.364521299,,,,,,,,,,,,,,,,,,,,,,,,,,,,,,,,,,0,6,1,0,0,1,0,0,64,0,0,3,0,0,0,0,0,0,0,0,0,0,0,0,0,0,1,0,0,0,0,0,0,0,0,0,0,0,0,0,0,0,0,0,0,0,0,0,0,0,0,0,0,0,0,0,0,0,0,0,0,0,0,0,0,0,0,0,0,0,0,0,0,0,0,0,0
33,5,18,Devon Avenue,Salt Creek,2012,-9795587.075606022,5159923.790866642,2.08,0.4,4.54,10.19,3.43,16.17,555.0,40.0,1300.0,8.0,2,21.0,0.17,0.04,0.36,153.0,97,410.0,1.0,1,2.0,741.0,484.0,1248.0,72.0,60.0,85.0,9.0,3,15.0,5.0,4.0,6.0,0,14,0,0,0,0,0,0,6,3,0,1,9,0,0,0,0,0,0,0,0,0,0,0,0,0,0,0,0,0,0,0,0,0,0,0,0,0,0,0,0,0,0,0,0,0,0,0,0,0,0,0,0,0,0,0,0,0,0,0,0,0,0,0,0,0,0,0,0,0,0,0,0,0,0,0,0
37,4,96,Albany Avenue,North Branch Chicago River,2012,-9764088.462110575,5156857.124687181,0.61,0.24,1.33,4.4,1.09,6.47,295.0,50.0,2700.0,9.0,0,32.0,0.11,0.03,0.2,236.0,129,755.0,1.0,1,1.0,786.0,468.0,1516.0,56.0,38.0,76.0,11.0,3,26.0,4.0,3.0,6.0,0,0,0,0,0,0,1,0,12,0,0,1,23,0,0,0,0,0,0,0,0,0,0,0,0,0,0,0,0,0,0,0,0,0,0,0,0,0,0,0,0,0,0,0,0,0,0,0,0,0,0,0,0,0,0,0,0,0,0,0,0,0,0,0,0,0,0,0,0,0,0,0,0,0,0,0,0
68,15,91,Material Service Road,Des Plaines River,2012,-9803757.593335949,5100729.017568359,0.82,0.27,1.56,5.95,3.1,12.24,115.0,9.0,350.0,11.0,2,22.0,0.08,0.02,0.32,195.0,157,340.0,1.0,1,1.0,694.0,586.0,940.0,73.0,59.0,85.0,19.0,4,95.0,5.0,4.0,8.0,0,0,9,0,0,1,4,3,1,0,0,6,1,0,12,0,0,1,2,0,6,0,0,0,0,7,0,0,7,6,0,0,0,0,0,0,0,0,0,0,0,0,0,0,0,0,0,0,0,0,0,0,2,0,0,0,0,0,0,0,0,0,0,0,0,0,0,0,0,0,0,0,0,0,0,0,0
21,9,22,Ogden Avenue,Des Plaines River,2012,-9775033.160497827,5134155.08934849,1.12,0.26,2.14,7.02,2.59,13.78,405.0,50.0,5500.0,19.0,1,164.0,0.12,0.01,0.24,183.0,135,319.0,1.0,1,3.0,671.0,466.0,898.0,71.0,45.0,85.0,26.0,3,92.0,5.0,4.0,6.0,0,0,1,0,0,12,1,0,1,0,0,1,0,2,0,1,1,0,0,0,0,0,0,0,0,0,1,0,0,0,0,0,0,0,0,0,0,0,0,0,0,0,0,0,0,0,0,0,0,0,0,0,0,0,0,0,0,0,0,0,0,0,0,0,0,0,0,0,0,0,0,0,0,0,0,0,0
300,7,75,Cicero Avenue,Chicago Sanitary and Ship Canal,2012,-9767527.508297496,5134013.305608013,0.93,0.27,1.65,6.06,1.67,9.78,170.0,9.0,7200.0,7.0,2,19.0,0.92,0.33,3.08,107.0,50,618.0,2.0,1,5.0,536.0,268.0,1258.0,47.0,27.0,66.0,13.0,4,27.0,4.0,3.0,5.0,0,0,1,0,0,0,0,5,13,0,0,1,0,17,0,0,0,0,0,0,255,0,0,0,0,0,8,0,0,0,0,0,0,0,0,0,0,0,0,0,0,0,0,0,0,0,0,0,0,0,0,0,0,0,0,0,0,0,0,0,0,0,0,0,0,0,0,0,0,0,0,0,0,0,0,0,0
523,12,41,Harlem Avenue,Chicago Sanitary and Ship Canal,2012,-9774026.337077957,5131234.839862472,1.07,0.26,2.06,8.29,4.89,14.1,3650.0,630.0,41000.0,6.0,1,19.0,0.48,0.21,1.06,114.0,74,497.0,1.0,1,2.0,571.0,364.0,1084.0,59.0,41.0,92.0,9.0,4,21.0,5.0,3.0,6.0,0,3,4,0,1,2,0,21,22,0,0,16,0,108,0,0,0,1,0,0,330,0,0,0,0,1,14,0,0,0,0,0,0,0,0,0,0,0,0,0,0,0,0,0,0,0,0,0,0,0,0,0,0,0,0,0,0,0,0,0,0,0,0,0,0,0,0,0,0,0,0,0,0,0,0,0,0
1531,11,92,Lockport Powerhouse,Chicago Sanitary and Ship Canal,2012,-9804834.0167114,5096870.642820761,1.26,0.48,2.53,6.72,4.13,11.83,100.0,9.0,30000.0,4.0,1,18.0,0.61,0.21,1.74,128.0,85,410.0,1.0,1,3.0,603.0,402.0,990.0,88.0,52.0,114.0,8.0,2,31.0,5.0,4.0,7.0,0,58,35,0,10,0,0,2,118,0,0,2,0,1224,0,0,0,0,11,0,0,0,0,0,0,0,68,2,0,0,0,0,0,0,0,0,0,0,0,0,0,0,0,0,0,0,0,0,0,0,0,0,0,0,0,0,0,0,0,0,0,1,0,0,0,0,0,0,0,0,0,0,0,0,0,0,0
657,12,59,Cicero Avenue,Calumet-Sag Channel,2012,-9766975.298081215,5109491.834437173,2.87,0.94,5.75,5.1,2.91,10.07,1300.0,560.0,9000.0,5.0,1,10.0,0.45,0.19,0.64,138.0,78,386.0,2.0,1,3.0,673.0,370.0,1042.0,120.0,73.0,177.0,13.0,8,20.0,5.0,3.0,7.0,0,1,34,0,2,0,0,29,6,2,0,0,0,571,0,0,0,1,6,0,0,0,0,0,0,1,0,2,0,0,0,0,0,0,0,0,0,0,0,0,0,0,0,0,0,0,0,0,0,0,0,0,0,0,0,0,0,0,0,0,0,0,2,0,0,0,0,0,0,0,0,0,0,0,0,0,0
525,17,76,Halsted Street,Little Calumet River,2012,-9756147.689317685,5109826.122291395,2.85,1.67,4.09,6.18,2.58,13.62,1200.0,10.0,24000.0,9.0,1,30.0,0.32,0.12,0.55,127.0,78,302.0,1.0,1,2.0,611.0,382.0,920.0,82.0,58.0,105.0,9.0,4,24.0,5.0,4.0,7.0,0,28,5,0,12,3,10,9,1,22,0,10,0,361,0,0,0,0,1,0,0,1,0,0,0,2,44,0,14,0,0,1,0,0,0,0,0,1,0,0,0,0,0,0,0,0,0,0,0,0,0,0,0,0,0,0,0,0,0,0,0,0,0,0,0,0,0,0,0,0,0,0,0,0,0,0,0
402,12,41,Harlem Avenue,Chicago Sanitary and Ship Canal,2013,-9774026.337077957,5131234.839862472,0.72,0.16,1.74,7.14,4.98,12.52,2600.0,130.0,8000.0,6.0,1,29.0,0.98,0.26,3.89,128.0,81,313.0,2.0,1,4.0,560.0,356.0,808.0,60.0,42.0,84.0,9.0,4,17.0,5.0,4.0,5.0,0,78,33,0,5,5,0,2,2,8,0,7,0,172,0,0,0,3,0,0,0,0,0,0,0,0,86,0,0,0,0,0,0,0,0,0,0,0,0,0,0,0,0,0,0,0,0,0,0,0,0,0,0,0,0,0,0,0,0,0,0,0,0,0,0,0,0,0,0,1,0,0,0,0,0,0,0
612,12,75,Cicero Avenue,Chicago Sanitary and Ship Canal,2013,-9767527.508297496,5134013.305608013,0.65,0.3,1.01,4.95,2.7,7.28,285.0,30.0,100000.0,7.0,2,26.0,0.86,0.4,1.92,106.0,61,403.0,2.0,1,4.0,528.0,274.0,1028.0,43.0,29.0,62.0,13.0,5,22.0,4.0,3.0,6.0,0,240,2,0,43,13,0,42,12,2,0,2,0,85,0,0,0,1,0,0,0,0,0,0,0,0,169,0,0,0,0,0,0,0,0,0,0,0,0,0,0,0,0,0,0,0,0,0,0,0,0,0,0,0,0,0,0,0,0,0,0,0,0,0,0,0,1,0,0,0,0,0,0,0,0,0,0
101,6,96,Albany Avenue,North Branch Chicago River,2013,-9764088.462110575,5156857.124687181,0.47,0.26,0.82,3.5,1.26,6.9,460.0,200.0,22000.0,11.0,3,34.0,0.16,0.04,0.37,222.0,23,635.0,1.0,1,1.0,756.0,372.0,1238.0,50.0,30.0,66.0,29.0,6,93.0,4.0,3.0,5.0,0,2,0,0,0,0,6,0,12,0,0,11,67,0,0,0,0,0,0,0,0,0,0,0,0,0,0,0,0,0,0,0,0,0,0,0,0,0,0,0,0,0,0,0,0,0,0,0,0,0,0,0,0,0,0,0,0,0,3,0,0,0,0,0,0,0,0,0,0,0,0,0,0,0,0,0,0
296,8,92,Lockport Powerhouse,Chicago Sanitary and Ship Canal,2013,-9804834.0167114,5096870.642820761,0.89,0.25,1.91,5.97,3.05,11.45,85.0,9.0,19000.0,5.0,1,16.0,0.62,0.2,1.82,130.0,72,679.0,1.0,1,2.0,625.0,342.0,1380.0,86.0,49.0,117.0,10.0,3,29.0,5.0,3.0,6.0,0,34,2,0,0,0,0,0,50,5,0,1,0,185,0,0,0,1,0,0,0,0,0,0,0,0,18,0,0,0,0,0,0,0,0,0,0,0,0,0,0,0,0,0,0,0,0,0,0,0,0,0,0,0,0,0,0,0,0,0,0,0,0,0,0,0,0,0,0,0,0,0,0,0,0,0,0
252,18,59,Cicero Avenue,Calumet-Sag Channel,2014,-9766975.298081215,5109491.834437173,1.49,0.57,2.72,4.16,1.58,7.8,1500.0,130.0,53000.0,8.0,1,25.0,0.44,0.26,0.91,145.0,68,334.0,1.0,1,2.0,601.0,308.0,820.0,109.0,43.0,174.0,32.0,14,111.0,5.0,3.0,6.0,0,3,107,7,13,2,0,32,8,33,0,4,0,7,0,0,0,6,14,0,0,0,0,0,0,1,0,2,8,0,1,3,0,0,0,0,1,0,0,0,0,0,0,0,0,0,0,0,0,0,0,0,0,0,0,0,0,0,0,0,0,0,0,0,0,0,0,0,0,0,0,0,0,0,0,0,0
592,25,76,Halsted Street,Little Calumet River,2014,-9756147.689317685,5109826.122291395,1.73,0.43,3.42,5.19,0.87,9.48,1800.0,110.0,30000.0,9.0,0,30.0,0.57,0.24,1.62,141.0,103,385.0,1.0,1,2.0,621.0,412.0,896.0,85.0,54.0,115.0,14.0,4,33.0,4.0,3.0,6.0,0,25,21,8,35,2,26,58,14,264,0,2,0,16,0,0,14,1,21,1,0,0,0,0,2,12,24,0,0,0,1,1,0,0,0,0,0,4,1,0,0,0,0,0,0,0,0,0,0,0,0,0,0,0,0,0,0,12,2,0,0,0,0,0,0,0,0,0,25,0,0,0,0,0,0,0,0
28,4,18,Devon Avenue,Salt Creek,2015,-9795587.075606022,5159923.790866642,1.64,0.49,3.54,6.95,2.39,15.48,500.0,240.0,5300.0,20.0,6,68.0,0.09,0.04,0.15,232.0,92,547.0,1.0,1,2.0,758.0,508.0,1304.0,78.0,61.0,102.0,11.0,4,49.0,5.0,4.0,7.0,0,11,0,0,0,0,0,0,15,1,0,0,1,0,0,0,0,0,0,0,0,0,0,0,0,0,0,0,0,0,0,0,0,0,0,0,0,0,0,0,0,0,0,0,0,0,0,0,0,0,0,0,0,0,0,0,0,0,0,0,0,0,0,0,0,0,0,0,0,0,0,0,0,0,0,0,0
47,9,64,Lake Street,West Branch Du Page River,2015,-9810939.89297938,5157781.364521299,,,,,,,,,,,,,,,,,,,,,,,,,,,,,,,,,,0,14,0,2,2,0,3,2,20,2,0,0,1,0,0,0,0,0,0,0,0,1,0,0,0,0,0,0,0,0,0,0,0,0,0,0,0,0,0,0,0,0,0,0,0,0,0,0,0,0,0,0,0,0,0,0,0,0,0,0,0,0,0,0,0,0,0,0,0,0,0,0,0,0,0,0,0
27,7,22,Ogden Avenue,Des Plaines River,2015,-9775033.160497827,5134155.08934849,0.7,0.26,1.09,4.16,1.98,7.55,440.0,50.0,200000.0,14.0,1,37.0,0.11,0.03,0.24,208.0,150,511.0,1.0,1,1.0,746.0,518.0,1094.0,69.0,56.0,90.0,17.0,7,44.0,6.0,5.0,10.0,0,0,2,0,0,0,1,0,16,1,0,4,0,0,0,0,0,0,0,0,0,0,0,0,0,0,0,0,2,0,0,0,0,0,0,0,0,1,0,0,0,0,0,0,0,0,0,0,0,0,0,0,0,0,0,0,0,0,0,0,0,0,0,0,0,0,0,0,0,0,0,0,0,0,0,0,0
238,5,78,Wille Road,Higgins Creek,2015,-9789066.534741784,5163778.873133089,0.66,0.28,1.51,6.35,3.52,9.57,205.0,9.0,84000.0,3.0,1,9.0,0.38,0.11,1.3,211.0,132,406.0,1.0,1,3.0,752.0,484.0,936.0,85.0,58.0,99.0,4.0,2,7.0,5.0,4.0,7.0,0,2,2,223,0,0,0,0,10,0,0,0,0,0,1,0,0,0,0,0,0,0,0,0,0,0,0,0,0,0,0,0,0,0,0,0,0,0,0,0,0,0,0,0,0,0,0,0,0,0,0,0,0,0,0,0,0,0,0,0,0,0,0,0,0,0,0,0,0,0,0,0,0,0,0,0,0
99,14,91,Material Service Road,Des Plaines River,2015,-9803757.593335949,5100729.017568359,0.64,0.26,1.09,4.66,1.92,11.4,70.0,9.0,3500.0,19.0,0,64.0,0.08,0.02,0.2,267.0,155,464.0,1.0,1,1.0,785.0,462.0,1128.0,77.0,58.0,106.0,16.0,4,35.0,5.0,3.0,7.0,0,2,1,0,0,1,0,0,10,2,0,7,39,0,14,0,0,1,0,0,6,0,0,0,0,0,0,0,13,0,0,0,0,0,0,1,0,0,0,0,0,0,0,0,0,0,0,0,0,0,0,0,1,0,0,0,0,0,0,0,0,0,0,0,0,0,0,0,1,0,0,0,0,0,0,0,0
11,4,18,Devon Avenue,Salt Creek,2016,-9795587.075606022,5159923.790866642,1.47,0.22,3.44,6.53,0.57,13.61,350.0,9.0,4600.0,12.0,6,21.0,0.04,&lt RL,0.17,173.0,42,399.0,1.0,1,2.0,711.0,466.0,1070.0,71.0,47.0,108.0,12.0,4,26.0,5.0,3.0,6.0,0,5,0,0,0,0,0,0,1,0,0,3,0,0,0,0,0,0,0,0,0,0,0,0,0,0,0,0,0,0,0,0,0,0,0,0,0,0,0,0,0,0,0,0,0,0,0,0,0,0,0,0,0,0,0,0,0,0,0,0,0,0,0,0,0,0,0,0,2,0,0,0,0,0,0,0,0
19,3,96,Albany Avenue,North Branch Chicago River,2016,-9764088.462110575,5156857.124687181,0.48,0.18,0.95,3.06,1.5,6.43,450.0,50.0,5500.0,10.0,1,38.0,0.23,&lt RL,1.93,227.0,159,489.0,1.0,1,3.0,751.0,532.0,1060.0,53.0,42.0,67.0,16.0,4,51.0,4.0,3.0,6.0,0,0,0,0,0,0,0,0,2,0,0,14,3,0,0,0,0,0,0,0,0,0,0,0,0,0,0,0,0,0,0,0,0,0,0,0,0,0,0,0,0,0,0,0,0,0,0,0,0,0,0,0,0,0,0,0,0,0,0,0,0,0,0,0,0,0,0,0,0,0,0,0,0,0,0,0,0
34,7,22,Ogden Avenue,Des Plaines River,2016,-9775033.160497827,5134155.08934849,0.55,0.25,0.94,3.77,1.62,6.68,195.0,30.0,1300.0,5.0,1,10.0,0.07,&lt RL,0.17,203.0,121,403.0,1.0,1,2.0,689.0,474.0,1084.0,68.0,47.0,98.0,19.0,5,43.0,5.0,4.0,8.0,0,3,1,1,0,1,0,0,26,0,0,0,0,0,0,0,0,0,0,0,0,0,0,0,0,1,0,0,0,0,0,0,0,0,0,0,0,0,0,0,0,0,0,0,0,0,0,0,0,0,0,0,1,0,0,0,0,0,0,0,0,0,0,0,0,0,0,0,0,0,0,0,0,0,0,0,0
43,12,91,Material Service Road,Des Plaines River,2016,-9803757.593335949,5100729.017568359,0.52,0.24,0.75,3.45,1.65,5.51,80.0,9.0,360.0,7.0,2,22.0,0.04,&lt RL,0.15,208.0,109,440.0,1.0,1,2.0,631.0,450.0,888.0,68.0,41.0,100.0,20.0,4,33.0,5.0,3.0,7.0,0,0,8,0,0,1,2,0,2,1,0,13,7,0,4,0,0,0,0,0,1,0,0,0,0,0,0,0,2,1,0,0,0,0,0,0,0,0,0,0,0,0,0,0,0,0,0,0,0,0,0,0,0,0,1,0,0,0,0,0,0,0,0,0,0,0,0,0,0,0,0,0,0,0,0,0,0
57,2,78,Wille Road,Higgins Creek,2016,-9789066.534741784,5163778.873133089,0.39,0.16,0.69,5.96,2.97,8.93,380.0,9.0,2700.0,3.0,1,8.0,0.21,0.02,0.58,171.0,101,433.0,1.0,1,3.0,731.0,496.0,1102.0,78.0,47.0,101.0,4.0,3,10.0,4.0,3.0,6.0,0,0,6,51,0,0,0,0,0,0,0,0,0,0,0,0,0,0,0,0,0,0,0,0,0,0,0,0,0,0,0,0,0,0,0,0,0,0,0,0,0,0,0,0,0,0,0,0,0,0,0,0,0,0,0,0,0,0,0,0,0,0,0,0,0,0,0,0,0,0,0,0,0,0,0,0,0
684,15,75,Cicero Avenue,Chicago Sanitary and Ship Canal,2016,-9767527.508297496,5134013.305608013,0.81,0.47,1.39,4.82,1.9,9.06,50.0,9.0,11000.0,6.0,1,14.0,0.79,0.38,1.69,96.0,64,319.0,2.0,1,3.0,545.0,338.0,864.0,47.0,35.0,65.0,10.0,5,26.0,3.0,3.0,4.0,0,94,6,0,110,3,0,83,5,1,0,0,2,153,0,0,2,2,0,0,5,0,0,0,0,7,179,0,0,0,0,0,0,0,0,0,0,0,0,0,0,0,0,0,0,0,0,0,0,0,0,0,0,0,0,0,0,0,0,0,0,0,0,0,0,0,0,0,32,0,0,0,0,0,0,0,0
96,9,64,Lake Street,West Branch Du Page River,2016,-9810939.89297938,5157781.364521299,,,,,,,,,,,,,,,,,,,,,,,,,,,,,,,,,,0,5,0,0,0,0,3,2,43,10,0,26,5,0,0,0,0,0,0,0,0,1,0,0,0,0,0,0,0,0,0,0,0,0,0,0,1,0,0,0,0,0,0,0,0,0,0,0,0,0,0,0,0,0,0,0,0,0,0,0,0,0,0,0,0,0,0,0,0,0,0,0,0,0,0,0,0
392,13,41,Harlem Avenue,Chicago Sanitary and Ship Canal,2016,-9774026.337077957,5131234.839862472,0.63,0.22,1.26,5.7,4.04,7.25,2500.0,1100.0,31000.0,3.0,1,10.0,0.75,0.24,2.19,118.0,45,386.0,2.0,1,3.0,671.0,380.0,1256.0,71.0,47.0,95.0,7.0,4,8.0,4.0,2.0,5.0,0,82,37,0,46,2,1,41,0,0,0,10,0,8,0,0,0,1,0,0,6,0,0,0,0,1,137,0,0,0,0,0,0,0,0,0,0,0,0,0,0,0,0,0,0,0,0,0,0,0,0,0,0,0,0,0,0,0,0,0,0,0,0,0,0,0,0,0,20,0,0,0,0,0,0,0,0
469,21,76,Halsted Street,Little Calumet River,2016,-9756147.689317685,5109826.122291395,1.27,0.6,2.05,4.98,4.14,7.08,40.0,9.0,2300.0,6.0,0,18.0,0.13,&lt RL,0.22,129.0,76,201.0,1.0,1,2.0,531.0,366.0,686.0,68.0,50.0,90.0,10.0,5,24.0,4.0,3.0,4.0,0,38,2,1,48,0,6,22,2,19,1,10,1,186,0,0,0,0,0,0,0,0,0,0,0,12,59,0,1,0,25,0,0,0,0,0,0,2,0,0,0,0,0,0,0,0,0,0,0,0,0,0,0,0,0,0,0,3,1,0,0,0,0,0,0,0,0,0,28,0,0,2,0,0,0,0,0
519,10,92,Lockport Powerhouse,Chicago Sanitary and Ship Canal,2016,-9804834.0167114,5096870.642820761,0.72,0.3,1.43,4.6,2.41,8.78,90.0,9.0,3200.0,4.0,1,13.0,0.54,0.12,1.23,133.0,71,343.0,1.0,1,2.0,622.0,322.0,934.0,88.0,44.0,122.0,11.0,3,69.0,4.0,3.0,6.0,0,4,0,0,0,0,0,0,28,3,0,2,0,451,0,0,0,0,1,0,0,0,0,0,0,2,17,0,0,0,0,0,0,0,0,0,0,0,0,0,0,0,0,0,0,0,0,0,1,0,0,0,0,0,0,0,0,0,0,0,0,0,0,0,0,0,10,0,0,0,0,0,0,0,0,0,0
746,20,59,Cicero Avenue,Calumet-Sag Channel,2016,-9766975.298081215,5109491.834437173,1.1,0.43,2.04,3.6,2.11,5.02,120.0,9.0,920.0,6.0,&lt RL,23.0,0.23,0.03,0.34,118.0,62,223.0,1.0,1,1.0,568.0,302.0,796.0,98.0,46.0,171.0,18.0,5,36.0,4.0,3.0,5.0,0,7,24,0,9,3,0,31,6,21,0,4,0,605,0,0,0,4,4,0,0,0,0,0,1,1,3,4,4,0,0,2,0,0,0,0,2,0,1,0,0,0,0,0,0,0,0,0,0,0,0,0,0,0,0,0,0,0,0,0,0,0,0,0,0,0,0,0,10,0,0,0,0,0,0,0,0
690,19,76,Halsted Street,Little Calumet River,2017,-9756147.689317685,5109826.122291395,0.73,0.34,1.4,3.96,2.24,6.32,70.0,20.0,2900.0,10.0,0,22.0,0.24,0.07,0.45,110.0,63,187.0,1.0,1,1.0,505.0,340.0,694.0,79.0,66.0,102.0,8.0,4,17.0,4.0,3.0,5.0,0,58,26,1,28,0,4,20,42,30,1,15,0,273,0,0,0,0,0,0,0,2,1,0,0,10,121,0,2,1,0,0,0,0,0,0,0,0,0,0,0,0,0,0,0,0,0,0,0,0,0,0,0,0,0,0,0,0,0,0,0,0,0,0,0,0,1,0,54,0,0,0,0,0,0,0,0
47,8,64,Lake Street,West Branch Du Page River,2017,-9810939.89297938,5157781.364521299,,,,,,,,,,,,,,,,,,,,,,,,,,,,,,,,,,0,9,0,0,0,0,0,2,18,3,0,6,7,0,0,0,0,0,0,0,0,0,1,0,0,0,0,0,0,0,0,0,0,0,0,0,0,0,0,0,0,1,0,0,0,0,0,0,0,0,0,0,0,0,0,0,0,0,0,0,0,0,0,0,0,0,0,0,0,0,0,0,0,0,0,0,0
9,2,18,Devon Avenue,Salt Creek,2017,-9795587.075606022,5159923.790866642,2.01,0.21,4.63,9.0,0.68,16.14,910.0,160.0,3200.0,9.0,2,18.0,0.11,0.01,0.28,148.0,114,312.0,1.0,1,1.0,626.0,472.0,842.0,68.0,40.0,97.0,11.0,4,25.0,5.0,3.0,7.0,0,1,0,0,0,0,0,0,0,0,0,0,8,0,0,0,0,0,0,0,0,0,0,0,0,0,0,0,0,0,0,0,0,0,0,0,0,0,0,0,0,0,0,0,0,0,0,0,0,0,0,0,0,0,0,0,0,0,0,0,0,0,0,0,0,0,0,0,0,0,0,0,0,0,0,0,0
4,1,78,Wille Road,Higgins Creek,2017,-9789066.534741784,5163778.873133089,0.42,0.15,1.24,6.61,2.12,9.24,700.0,9.0,23000.0,2.0,1,3.0,0.31,0.09,1.75,163.0,114,253.0,1.0,1,2.0,646.0,398.0,784.0,77.0,30.0,97.0,5.0,2,23.0,5.0,3.0,7.0,0,0,0,4,0,0,0,0,0,0,0,0,0,0,0,0,0,0,0,0,0,0,0,0,0,0,0,0,0,0,0,0,0,0,0,0,0,0,0,0,0,0,0,0,0,0,0,0,0,0,0,0,0,0,0,0,0,0,0,0,0,0,0,0,0,0,0,0,0,0,0,0,0,0,0,0,0
4,3,22,Ogden Avenue,Des Plaines River,2017,-9775033.160497827,5134155.08934849,0.58,0.21,1.37,4.71,1.12,11.44,480.0,140.0,14000.0,4.0,2,9.0,0.08,&lt RL,0.22,161.0,100,269.0,1.0,1,1.0,584.0,382.0,762.0,59.0,32.0,79.0,19.0,4,46.0,5.0,4.0,9.0,0,0,1,0,0,0,0,0,2,0,0,0,0,0,0,0,0,0,0,0,0,0,0,0,0,0,0,0,1,0,0,0,0,0,0,0,0,0,0,0,0,0,0,0,0,0,0,0,0,0,0,0,0,0,0,0,0,0,0,0,0,0,0,0,0,0,0,0,0,0,0,0,0,0,0,0,0
156,18,59,Cicero Avenue,Calumet-Sag Channel,2017,-9766975.298081215,5109491.834437173,0.84,0.35,1.67,3.17,2.38,5.53,110.0,9.0,830.0,8.0,3,20.0,0.3,0.15,0.56,105.0,69,173.0,1.0,1,1.0,541.0,376.0,668.0,105.0,72.0,144.0,17.0,6,43.0,4.0,3.0,5.0,0,10,33,0,9,5,0,9,10,14,0,8,0,22,0,3,0,7,0,0,0,0,0,0,0,1,3,1,11,0,0,0,0,0,0,0,0,0,0,0,0,0,0,0,0,0,0,0,2,1,0,0,0,0,0,0,0,0,0,0,0,0,0,0,0,0,0,0,7,0,0,0,0,0,0,0,0
380,15,41,Harlem Avenue,Chicago Sanitary and Ship Canal,2017,-9774026.337077957,5131234.839862472,0.59,0.26,1.94,5.6,2.56,9.18,6400.0,1300.0,62000.0,3.0,0,9.0,0.62,0.23,1.36,120.0,70,245.0,2.0,1,3.0,498.0,362.0,698.0,60.0,33.0,83.0,7.0,4,15.0,4.0,3.0,5.0,0,27,86,5,28,0,2,41,9,5,0,9,2,0,0,0,0,0,0,0,15,3,0,0,0,0,57,0,0,0,0,0,0,0,0,0,0,0,0,0,0,0,0,0,0,0,0,0,0,0,0,0,0,0,0,0,0,0,0,0,0,0,0,0,0,0,2,0,89,0,0,0,0,0,0,0,0
255,12,75,Cicero Avenue,Chicago Sanitary and Ship Canal,2017,-9767527.508297496,5134013.305608013,0.67,0.28,1.31,4.38,1.49,7.83,140.0,9.0,150000.0,8.0,1,40.0,0.63,0.15,1.31,107.0,41,344.0,2.0,1,3.0,456.0,244.0,826.0,42.0,23.0,57.0,12.0,6,37.0,4.0,2.0,5.0,0,70,1,0,26,1,0,48,2,0,0,5,0,20,0,0,0,3,0,0,0,0,0,0,0,0,59,0,0,0,0,0,0,0,0,0,0,0,0,0,0,0,0,0,0,0,0,0,0,0,0,0,0,0,0,0,0,0,0,0,0,0,0,0,0,0,11,0,9,0,0,0,0,0,0,0,0
21,2,96,Albany Avenue,North Branch Chicago River,2017,-9764088.462110575,5156857.124687181,0.4,0.2,0.65,4.63,0.58,9.78,200.0,100.0,2800.0,7.0,&lt RL,15.0,0.08,&lt RL,0.17,184.0,64,333.0,1.0,0,1.0,605.0,262.0,920.0,51.0,23.0,69.0,12.0,4,25.0,5.0,3.0,7.0,0,1,0,0,0,0,0,0,0,0,0,20,0,0,0,0,0,0,0,0,0,0,0,0,0,0,0,0,0,0,0,0,0,0,0,0,0,0,0,0,0,0,0,0,0,0,0,0,0,0,0,0,0,0,0,0,0,0,0,0,0,0,0,0,0,0,0,0,0,0,0,0,0,0,0,0,0
109,14,92,Lockport Powerhouse,Chicago Sanitary and Ship Canal,2017,-9804834.0167114,5096870.642820761,0.63,0.29,1.44,4.55,2.72,6.81,140.0,9.0,18000.0,5.0,&lt RL,24.0,0.51,0.1,1.46,130.0,76,446.0,1.0,1,2.0,557.0,386.0,1094.0,86.0,53.0,136.0,15.0,4,52.0,4.0,3.0,6.0,0,8,7,0,0,0,0,2,11,2,0,4,1,38,0,0,0,0,0,1,0,2,0,0,0,1,10,0,0,0,0,0,0,0,0,0,0,0,0,0,0,0,0,0,0,0,0,0,0,0,0,0,0,0,0,0,0,0,0,0,0,0,0,0,0,0,16,0,6,0,0,0,0,0,0,0,0
32,8,91,Material Service Road,Des Plaines River,2017,-9803757.593335949,5100729.017568359,0.46,0.25,0.86,4.04,1.18,8.51,35.0,9.0,28000.0,6.0,2,13.0,0.09,&lt RL,0.46,163.0,93,279.0,1.0,0,1.0,590.0,326.0,800.0,59.0,29.0,85.0,24.0,5,97.0,5.0,3.0,6.0,0,0,3,0,0,0,1,0,1,0,0,21,2,0,0,0,0,0,0,0,0,0,0,0,0,0,0,0,2,1,0,0,0,0,0,0,0,0,0,0,0,0,0,0,0,0,0,0,0,0,0,0,0,0,0,0,0,0,0,0,0,0,0,0,0,0,1,0,0,0,0,0,0,0,0,0,0
27,7,18,Devon Avenue,Salt Creek,2018,-9795587.075606022,5159923.790866642,1.47,0.14,3.69,8.62,1.06,21.07,785.0,40.0,11000.0,11.0,5,15.0,0.11,0.01,0.18,177.0,66,374.0,1.0,0,2.0,641.0,318.0,952.0,64.0,27.0,90.0,14.0,2,40.0,6.0,4.0,9.0,0,9,3,0,0,0,0,0,4,6,1,3,0,0,0,0,0,0,0,0,0,0,0,0,0,1,0,0,0,0,0,0,0,0,0,0,0,0,0,0,0,0,0,0,0,0,0,0,0,0,0,0,0,0,0,0,0,0,0,0,0,0,0,0,0,0,0,0,0,0,0,0,0,0,0,0,0
40,3,96,Albany Avenue,North Branch Chicago River,2018,-9764088.462110575,5156857.124687181,0.28,0.14,0.42,2.3,0.99,4.14,650.0,70.0,51000.0,10.0,2,30.0,0.11,0.04,0.24,149.0,73,506.0,1.0,0,1.0,611.0,356.0,1214.0,42.0,26.0,72.0,31.0,4,149.0,5.0,3.0,7.0,0,0,0,0,0,0,0,0,6,0,0,33,1,0,0,0,0,0,0,0,0,0,0,0,0,0,0,0,0,0,0,0,0,0,0,0,0,0,0,0,0,0,0,0,0,0,0,0,0,0,0,0,0,0,0,0,0,0,0,0,0,0,0,0,0,0,0,0,0,0,0,0,0,0,0,0,0
214,18,59,Cicero Avenue,Calumet-Sag Channel,2018,-9766975.298081215,5109491.834437173,1.08,0.26,1.96,3.78,2.65,5.24,80.0,10.0,860.0,12.0,1,42.0,0.33,0.15,1.02,153.0,98,250.0,1.0,1,2.0,596.0,498.0,688.0,110.0,78.0,139.0,16.0,8,33.0,5.0,4.0,6.0,0,13,49,0,7,3,0,12,14,24,1,8,0,2,0,4,0,8,34,0,0,0,0,0,0,0,10,0,4,0,0,0,0,0,0,0,1,0,1,0,0,0,0,0,0,0,0,0,0,0,0,0,0,0,0,0,0,0,0,0,0,0,0,0,0,0,0,0,19,0,0,0,0,0,0,0,0
343,14,75,Cicero Avenue,Chicago Sanitary and Ship Canal,2018,-9767527.508297496,5134013.305608013,0.69,0.33,1.05,4.87,3.2,7.23,120.0,9.0,780.0,5.0,1,29.0,0.55,0.22,0.9,135.0,60,784.0,1.0,1,2.0,571.0,268.0,1570.0,44.0,30.0,60.0,11.0,7,14.0,4.0,3.0,5.0,0,83,34,0,22,1,0,32,21,4,0,11,0,1,0,1,0,5,0,0,0,0,0,0,0,0,43,0,0,0,0,0,0,0,0,0,0,0,0,0,0,0,0,0,0,0,0,0,0,0,0,0,0,0,0,0,0,0,0,0,0,0,0,0,0,0,15,0,70,0,0,0,0,0,0,0,0
24,10,22,Ogden Avenue,Des Plaines River,2018,-9775033.160497827,5134155.08934849,0.39,0.19,0.72,3.6,1.25,8.98,585.0,70.0,7200.0,5.0,1,10.0,0.08,&lt RL,0.15,165.0,60,324.0,1.0,1,1.0,601.0,296.0,882.0,54.0,22.0,82.0,17.0,3,30.0,6.0,5.0,8.0,0,1,3,0,0,0,1,0,9,0,0,4,0,0,2,0,0,1,0,0,0,0,0,0,0,0,1,0,1,0,0,0,0,0,0,1,0,0,0,0,0,0,0,0,0,0,0,0,0,0,0,0,0,0,0,0,0,0,0,0,0,0,0,0,0,0,0,0,0,0,0,0,0,0,0,0,0
421,19,41,Harlem Avenue,Chicago Sanitary and Ship Canal,2018,-9774026.337077957,5131234.839862472,0.44,0.26,0.86,5.46,3.62,7.53,4000.0,1100.0,8800.0,3.0,1,12.0,0.47,0.17,1.37,159.0,81,646.0,1.0,1,2.0,595.0,364.0,1326.0,62.0,39.0,89.0,7.0,3,19.0,4.0,3.0,5.0,0,35,95,1,36,1,1,22,11,6,0,9,0,9,0,0,0,4,0,0,0,9,0,0,0,0,53,0,8,0,0,0,0,0,0,0,2,0,0,0,0,0,0,0,0,0,0,0,0,0,0,0,1,0,0,0,0,0,0,0,0,0,0,0,0,0,2,0,116,0,0,0,0,0,0,0,0
834,3,78,Wille Road,Higgins Creek,2018,-9789066.534741784,5163778.873133089,0.23,0.1,0.38,5.59,3.76,7.36,565.0,20.0,5400.0,2.0,1,4.0,0.29,0.06,1.2,194.0,68,285.0,1.0,1,2.0,659.0,276.0,832.0,82.0,35.0,110.0,4.0,1,15.0,5.0,4.0,7.0,0,0,7,816,0,0,0,0,11,0,0,0,0,0,0,0,0,0,0,0,0,0,0,0,0,0,0,0,0,0,0,0,0,0,0,0,0,0,0,0,0,0,0,0,0,0,0,0,0,0,0,0,0,0,0,0,0,0,0,0,0,0,0,0,0,0,0,0,0,0,0,0,0,0,0,0,0
74,16,91,Material Service Road,Des Plaines River,2018,-9803757.593335949,5100729.017568359,0.42,0.2,1.08,4.24,1.6,12.26,95.0,9.0,13000.0,8.0,2,19.0,0.08,0,0.18,207.0,99,334.0,1.0,&lt RL,1.0,656.0,390.0,894.0,61.0,36.0,96.0,16.0,4,42.0,6.0,4.0,8.0,0,1,2,0,0,0,2,0,0,1,0,5,9,0,2,0,0,9,19,0,4,0,0,0,0,0,0,0,13,0,0,0,0,0,0,1,0,0,0,0,0,0,0,0,0,0,0,0,0,0,0,0,1,0,3,0,0,0,0,0,0,0,0,0,0,0,1,0,0,0,0,0,1,0,0,0,0
44,7,64,Lake Street,West Branch Du Page River,2018,-9810939.89297938,5157781.364521299,,,,,,,,,,,,,,,,,,,,,,,,,,,,,,,,,,0,5,0,0,0,0,0,0,28,4,0,3,2,0,0,1,0,0,0,0,0,0,0,0,0,0,0,0,0,0,0,0,0,0,0,0,0,1,0,0,0,0,0,0,0,0,0,0,0,0,0,0,0,0,0,0,0,0,0,0,0,0,0,0,0,0,0,0,0,0,0,0,0,0,0,0,0
330,18,92,Lockport Powerhouse,Chicago Sanitary and Ship Canal,2018,-9804834.0167114,5096870.642820761,0.61,0.22,1.2,4.47,2.58,6.53,160.0,9.0,1400.0,4.0,1,16.0,0.54,0.17,1.5,158.0,85,524.0,1.0,0,2.0,618.0,388.0,1228.0,85.0,47.0,115.0,10.0,3,40.0,5.0,2.0,7.0,0,8,6,0,0,0,0,1,98,40,0,13,0,62,0,0,0,0,23,1,0,0,0,0,0,1,29,2,2,1,0,0,0,0,0,0,1,0,0,0,0,0,0,0,0,0,0,0,0,0,0,0,0,0,0,0,0,0,0,0,0,0,0,0,0,0,16,0,25,0,0,0,0,1,0,0,0
823,22,76,Halsted Street,Little Calumet River,2018,-9756147.689317685,5109826.122291395,1.35,0.3,2.37,4.91,3.14,7.6,90.0,10.0,1100.0,10.0,1,33.0,0.28,0.12,1.03,146.0,91,238.0,1.0,0,2.0,564.0,416.0,736.0,85.0,70.0,105.0,8.0,3,14.0,5.0,2.0,5.0,0,93,40,1,21,0,0,20,13,58,0,9,1,18,0,0,1,0,10,0,0,3,1,0,0,30,263,0,3,0,0,0,0,0,0,0,0,0,0,0,0,0,0,0,0,0,0,0,0,2,0,0,0,0,0,0,0,2,0,0,0,0,1,0,0,0,0,0,231,0,0,2,0,0,0,0,0
120,14,59,Cicero Avenue,Calumet-Sag Channel,2019,-9766975.298081215,5109491.834437173,1.14,0.38,2.15,3.03,1.94,5.02,605.0,9.0,47000.0,12.0,2,43.0,0.26,0.14,0.45,104.0,52,299.0,1.0,0,1.0,555.0,354.0,802.0,85.0,43.0,136.0,29.0,4,86.0,4.0,3.0,6.0,0,7,51,5,0,3,0,7,4,14,0,8,0,4,0,0,0,0,4,0,0,2,0,0,0,0,2,0,4,0,0,0,0,0,0,0,0,0,0,0,0,0,0,0,0,0,0,0,0,0,0,0,0,0,0,0,0,0,0,0,0,0,0,0,0,0,0,0,5,0,0,0,0,0,0,0,0
13,4,64,Lake Street,West Branch Du Page River,2019,-9810939.89297938,5157781.364521299,,,,,,,,,,,,,,,,,,,,,,,,,,,,,,,,,,0,2,0,0,0,0,0,1,9,1,0,0,0,0,0,0,0,0,0,0,0,0,0,0,0,0,0,0,0,0,0,0,0,0,0,0,0,0,0,0,0,0,0,0,0,0,0,0,0,0,0,0,0,0,0,0,0,0,0,0,0,0,0,0,0,0,0,0,0,0,0,0,0,0,0,0,0
291,16,41,Harlem Avenue,Chicago Sanitary and Ship Canal,2019,-9774026.337077957,5131234.839862472,0.51,0.23,1.12,4.65,2.26,8.35,4200.0,580.0,35000.0,2.0,1,3.0,0.73,0.15,2.29,157.0,62,1056.0,1.0,0,3.0,735.0,268.0,2034.0,59.0,37.0,87.0,8.0,4,12.0,3.0,2.0,4.0,0,43,55,0,2,0,4,30,3,8,0,7,0,1,0,0,0,1,0,0,0,11,0,0,0,1,68,0,2,0,0,0,0,0,0,0,0,0,0,0,0,0,0,0,0,0,0,0,0,0,0,0,0,0,0,0,0,0,0,0,0,0,0,0,0,0,1,0,54,0,0,0,0,0,0,0,0
157,8,18,Devon Avenue,Salt Creek,2019,-9795587.075606022,5159923.790866642,1.28,0.16,3.69,6.2,0.91,14.04,675.0,9.0,15000.0,8.0,4,19.0,0.22,0.02,0.56,183.0,81,675.0,1.0,0,2.0,686.0,382.0,1478.0,60.0,33.0,82.0,8.0,3,13.0,5.0,2.0,6.0,0,61,1,0,0,0,0,0,65,13,6,1,9,1,0,0,0,0,0,0,0,0,0,0,0,0,0,0,0,0,0,0,0,0,0,0,0,0,0,0,0,0,0,0,0,0,0,0,0,0,0,0,0,0,0,0,0,0,0,0,0,0,0,0,0,0,0,0,0,0,0,0,0,0,0,0,0
502,19,76,Halsted Street,Little Calumet River,2019,-9756147.689317685,5109826.122291395,0.99,0.4,1.77,4.48,2.42,7.54,70.0,20.0,4200.0,10.0,1,30.0,0.2,0.08,0.3,113.0,69,356.0,1.0,0,1.0,533.0,338.0,890.0,74.0,55.0,118.0,7.0,3,11.0,4.0,2.0,5.0,0,97,13,1,3,0,0,41,11,55,2,9,0,2,0,0,0,1,10,0,0,4,0,0,0,0,142,1,8,0,0,0,0,0,0,0,0,0,0,0,0,0,1,0,0,0,0,0,0,0,0,0,0,0,0,0,0,0,0,0,0,0,0,0,0,0,1,0,100,0,0,0,0,0,0,0,0
155,21,91,Material Service Road,Des Plaines River,2019,-9803757.593335949,5100729.017568359,0.35,0.16,0.58,2.7,1.3,6.68,140.0,10.0,440.0,8.0,2,16.0,0.07,0.02,0.11,166.0,72,482.0,1.0,0,2.0,585.0,358.0,1086.0,52.0,29.0,76.0,13.0,5,27.0,5.0,2.0,6.0,0,2,6,0,0,1,2,0,21,11,0,27,13,0,1,0,1,1,9,0,4,0,0,0,0,0,0,0,9,0,0,0,0,0,0,4,2,0,0,0,1,0,0,0,0,0,0,0,0,0,0,0,4,0,2,0,0,0,0,0,0,0,0,0,0,0,0,0,0,0,0,0,0,0,1,33,0
37,5,96,Albany Avenue,North Branch Chicago River,2019,-9764088.462110575,5156857.124687181,0.28,0.07,0.66,3.47,1.32,6.68,325.0,40.0,2900.0,6.0,1,22.0,0.11,&lt RL,0.33,217.0,89,846.0,1.0,0,1.0,752.0,432.0,1780.0,47.0,35.0,63.0,13.0,3,32.0,4.0,1.0,6.0,0,0,0,0,0,0,4,0,22,0,0,8,1,0,0,0,0,0,0,0,0,0,0,0,0,2,0,0,0,0,0,0,0,0,0,0,0,0,0,0,0,0,0,0,0,0,0,0,0,0,0,0,0,0,0,0,0,0,0,0,0,0,0,0,0,0,0,0,0,0,0,0,0,0,0,0,0
12,3,78,Wille Road,Higgins Creek,2019,-9789066.534741784,5163778.873133089,0.54,0.15,1.62,5.77,2.51,8.29,210.0,10.0,31000.0,3.0,0,8.0,0.26,0.16,0.4,177.0,116,859.0,1.0,1,3.0,773.0,528.0,1618.0,74.0,56.0,99.0,9.0,2,39.0,4.0,3.0,5.0,0,0,0,3,0,0,0,0,1,8,0,0,0,0,0,0,0,0,0,0,0,0,0,0,0,0,0,0,0,0,0,0,0,0,0,0,0,0,0,0,0,0,0,0,0,0,0,0,0,0,0,0,0,0,0,0,0,0,0,0,0,0,0,0,0,0,0,0,0,0,0,0,0,0,0,0,0
534,15,75,Cicero Avenue,Chicago Sanitary and Ship Canal,2019,-9767527.508297496,5134013.305608013,0.57,0.25,1.18,4.04,1.88,6.64,110.0,9.0,390.0,3.0,1,9.0,0.49,0.16,1.09,147.0,56,702.0,1.0,1,2.0,574.0,264.0,1420.0,41.0,26.0,55.0,11.0,3,18.0,3.0,1.0,4.0,0,64,143,0,29,6,0,33,29,10,0,11,0,3,0,0,0,3,7,0,0,0,0,0,0,0,99,0,5,0,0,0,0,0,0,0,0,0,0,0,0,0,0,0,0,0,0,0,0,0,0,0,0,0,0,0,0,0,0,0,0,0,0,0,0,0,9,0,83,0,0,0,0,0,0,0,0
246,12,92,Lockport Powerhouse,Chicago Sanitary and Ship Canal,2019,-9804834.0167114,5096870.642820761,0.7,0.26,1.41,4.22,&lt RL,7.03,230.0,9.0,124000.0,5.0,1,48.0,0.64,0.01,3.48,144.0,60,762.0,1.0,0,4.0,628.0,278.0,1702.0,79.0,36.0,127.0,12.0,1,39.0,4.0,2.0,5.0,0,11,46,0,0,0,0,0,56,14,0,45,0,0,0,0,0,0,2,0,0,0,0,0,0,7,11,0,0,0,0,0,0,0,0,0,0,0,0,0,0,0,0,0,0,0,0,0,0,0,0,0,0,0,0,0,0,0,3,0,0,0,0,0,0,0,36,0,14,0,1,0,0,0,0,0,0
34,5,22,Ogden Avenue,Des Plaines River,2019,-9775033.160497827,5134155.08934849,0.38,0.14,0.72,2.89,1.3,6.32,360.0,190.0,810.0,7.0,2,18.0,0.1,0.01,0.28,154.0,71,280.0,1.0,0,2.0,542.0,384.0,762.0,48.0,30.0,71.0,15.0,6,34.0,5.0,4.0,7.0,0,0,0,0,0,0,0,0,28,1,0,3,0,0,0,0,0,0,0,0,0,0,0,0,0,0,0,0,1,0,0,0,0,0,0,0,0,0,0,0,0,0,0,0,0,0,0,0,0,0,0,0,0,0,1,0,0,0,0,0,0,0,0,0,0,0,0,0,0,0,0,0,0,0,0,0,0
343,16,76,Halsted Street,Little Calumet River,2020,-9756147.689317685,5109826.122291395,1.06,0.48,2.35,4.75,2.07,8.51,60.0,9.0,1300.0,6.0,1,17.0,0.18,&lt RL,0.29,102.0,69,232.0,1.0,0,1.0,501.0,348.0,680.0,72.0,48.0,82.0,5.0,3,7.0,4.0,3.0,5.0,0,76,21,5,3,3,0,20,9,42,0,4,0,50,0,0,0,1,0,1,0,2,0,0,0,1,26,0,0,0,0,0,0,0,0,0,0,0,0,0,0,0,0,0,0,0,0,0,0,0,0,0,0,0,0,0,0,0,0,0,0,0,0,0,0,0,0,0,79,0,0,0,0,0,0,0,0
433,14,59,Cicero Avenue,Calumet-Sag Channel,2020,-9766975.298081215,5109491.834437173,1.18,0.41,2.5,3.79,2.5,5.14,460.0,20.0,3500.0,9.0,2,27.0,0.2,0.01,0.28,115.0,86,325.0,1.0,0,3.0,557.0,444.0,816.0,89.0,60.0,145.0,12.0,6,21.0,5.0,3.0,6.0,0,9,194,5,0,15,0,12,17,23,0,6,0,101,0,0,0,8,6,0,0,0,0,0,0,0,0,0,9,0,0,0,0,0,0,0,0,0,0,0,0,0,0,0,0,0,0,0,0,0,0,0,0,0,0,0,0,0,0,0,0,0,17,0,0,0,0,0,11,0,0,0,0,0,0,0,0
460,15,92,Lockport Powerhouse,Chicago Sanitary and Ship Canal,2020,-9804834.0167114,5096870.642820761,0.96,0.37,2.11,4.97,2.86,7.41,120.0,9.0,17000.0,3.0,0,11.0,0.36,0.14,1.43,115.0,60,708.0,1.0,1,3.0,576.0,272.0,1416.0,78.0,25.0,113.0,9.0,1,67.0,5.0,2.0,7.0,0,25,117,0,0,1,0,0,48,2,0,47,0,18,0,0,0,0,11,0,0,1,0,0,0,23,74,0,8,0,0,0,0,0,0,0,0,0,0,0,0,0,0,0,0,0,0,0,0,0,0,0,1,0,0,0,0,0,0,0,0,0,0,0,0,0,7,0,77,0,0,0,0,0,0,0,0
1065,20,75,Cicero Avenue,Chicago Sanitary and Ship Canal,2020,-9767527.508297496,5134013.305608013,0.61,0.28,1.19,4.07,1.51,7.67,60.0,9.0,15000.0,6.0,2,24.0,0.29,0.12,0.55,84.0,44,378.0,1.0,0,1.0,444.0,252.0,844.0,40.0,26.0,54.0,10.0,5,41.0,4.0,3.0,6.0,0,60,340,1,107,8,0,36,7,1,0,9,0,109,0,5,0,1,7,0,1,0,0,0,0,0,93,0,20,0,0,0,0,0,0,0,1,0,0,0,0,0,0,1,0,0,0,0,0,0,0,0,0,0,0,0,0,0,0,0,0,0,0,0,0,0,1,0,257,0,0,0,0,0,0,0,0
954,17,41,Harlem Avenue,Chicago Sanitary and Ship Canal,2020,-9774026.337077957,5131234.839862472,0.7,0.29,1.11,5.92,2.93,8.3,4200.0,590.0,12000.0,3.0,1,11.0,0.33,0.15,1.22,98.0,60,457.0,1.0,0,2.0,534.0,262.0,1050.0,61.0,31.0,85.0,7.0,4,27.0,4.0,3.0,6.0,0,41,30,0,129,0,2,14,4,5,0,6,1,312,0,0,0,1,46,0,1,0,0,0,0,1,89,1,0,0,0,0,0,0,0,0,0,0,0,0,0,0,0,0,0,0,0,0,0,0,0,0,0,0,0,0,0,0,0,0,0,0,0,0,0,0,0,0,271,0,0,0,0,0,0,0,0
582,16,75,Cicero Avenue,Chicago Sanitary and Ship Canal,2021,-9767527.508297496,5134013.305608013,0.71,0.42,1.2,3.89,2.13,7.3,55.0,9.0,170.0,6.0,1,11.0,0.3,0.12,0.48,99.0,75,358.0,1.0,1,1.0,481.0,340.0,814.0,41.0,29.0,57.0,7.0,3,15.0,4.0,3.0,5.0,0,12,246,0,3,28,0,20,2,10,0,2,3,84,0,0,0,2,1,0,0,0,0,0,0,0,28,0,7,0,0,0,0,0,0,0,0,0,0,0,0,0,0,0,0,0,0,0,0,0,0,0,0,0,0,0,0,0,0,0,0,0,0,0,0,0,6,0,128,0,0,0,0,0,0,0,0
749,16,41,Harlem Avenue,Chicago Sanitary and Ship Canal,2021,-9774026.337077957,5131234.839862472,0.66,0.23,1.3,5.84,3.29,8.31,3250.0,480.0,6300.0,5.0,1,10.0,0.4,0.16,1.53,128.0,93,332.0,1.0,1,2.0,584.0,408.0,892.0,65.0,43.0,97.0,5.0,3,9.0,6.0,4.0,7.0,0,17,246,5,2,0,1,13,3,19,0,14,0,9,0,0,0,1,0,0,0,0,0,0,0,0,45,0,2,0,0,0,0,0,0,0,3,0,0,0,0,0,0,0,0,0,0,0,0,0,0,0,0,0,0,0,0,0,0,0,0,0,0,0,0,0,2,0,367,0,0,0,0,0,0,0,0
18,7,18,Devon Avenue,Salt Creek,2021,-9795587.075606022,5159923.790866642,2.21,0.24,4.48,9.7,0.64,17.75,1380.0,70.0,8900.0,10.0,2,36.0,0.15,0.02,0.51,203.0,144,1121.0,1.0,1,1.0,833.0,470.0,2090.0,65.0,43.0,78.0,12.0,3,56.0,7.0,6.0,9.0,0,1,0,0,0,1,0,1,4,3,0,1,7,0,0,0,0,0,0,0,0,0,0,0,0,0,0,0,0,0,0,0,0,0,0,0,0,0,0,0,0,0,0,0,0,0,0,0,0,0,0,0,0,0,0,0,0,0,0,0,0,0,0,0,0,0,0,0,0,0,0,0,0,0,0,0,0
41,3,78,Wille Road,Higgins Creek,2021,-9789066.534741784,5163778.873133089,0.47,&lt RL,0.91,5.59,0.23,8.82,140.0,10.0,37000.0,5.0,&lt RL,30.0,0.26,0.07,0.69,239.0,124,789.0,1.0,1,2.0,907.0,502.0,1650.0,71.0,52.0,91.0,9.0,1,59.0,7.0,5.0,14.0,0,4,3,34,0,0,0,0,0,0,0,0,0,0,0,0,0,0,0,0,0,0,0,0,0,0,0,0,0,0,0,0,0,0,0,0,0,0,0,0,0,0,0,0,0,0,0,0,0,0,0,0,0,0,0,0,0,0,0,0,0,0,0,0,0,0,0,0,0,0,0,0,0,0,0,0,0
55,11,22,Ogden Avenue,Des Plaines River,2021,-9775033.160497827,5134155.08934849,0.69,0.11,1.36,5.43,1.1,10.77,1200.0,40.0,520000.0,15.0,3,61.0,0.11,0.05,0.3,256.0,167,764.0,1.0,1,1.0,863.0,502.0,1494.0,68.0,53.0,80.0,20.0,4,51.0,6.0,6.0,8.0,0,1,0,0,1,0,12,0,7,0,0,7,1,0,0,1,0,0,0,0,0,0,0,0,0,4,0,0,14,0,0,0,0,0,0,0,0,0,0,0,2,0,0,0,0,0,0,0,0,0,0,0,0,0,0,0,0,0,0,0,0,0,0,0,0,0,0,0,0,0,0,0,0,0,0,5,0
1277,16,92,Lockport Powerhouse,Chicago Sanitary and Ship Canal,2021,-9804834.0167114,5096870.642820761,1.0,0.38,1.9,5.19,1.99,10.22,85.0,9.0,220000.0,5.0,0,30.0,0.47,0.13,2.1,146.0,99,871.0,1.0,1,3.0,688.0,370.0,1962.0,89.0,36.0,127.0,8.0,&lt RL,40.0,6.0,4.0,7.0,0,3,286,0,3,1,0,0,29,14,0,14,0,762,0,0,0,0,75,0,0,0,0,0,0,1,34,1,6,0,0,0,0,0,0,0,0,0,0,0,0,0,0,0,0,0,0,0,1,0,0,0,0,0,0,0,0,0,0,0,0,0,0,0,0,0,11,0,36,0,0,0,0,0,0,0,0
21,6,96,Albany Avenue,North Branch Chicago River,2021,-9764088.462110575,5156857.124687181,0.34,0.22,0.59,4.25,1.06,9.39,580.0,140.0,2400.0,7.0,1,19.0,0.1,0.03,0.24,224.0,148,429.0,1.0,1,1.0,733.0,494.0,1006.0,52.0,37.0,70.0,15.0,3,62.0,6.0,6.0,8.0,0,1,0,0,0,0,0,0,3,0,0,5,10,0,0,0,0,1,0,0,0,0,0,0,0,0,0,0,0,0,0,0,0,0,0,0,0,0,0,0,0,0,0,0,0,0,0,0,0,0,0,0,0,0,0,0,0,0,0,0,0,0,0,0,0,0,0,0,1,0,0,0,0,0,0,0,0
36,8,64,Lake Street,West Branch Du Page River,2021,-9810939.89297938,5157781.364521299,,,,,,,,,,,,,,,,,,,,,,,,,,,,,,,,,,0,4,0,0,0,0,1,0,13,0,0,1,13,0,2,0,0,0,0,0,1,0,0,0,0,0,0,0,0,0,0,0,0,0,0,0,0,0,0,0,0,0,0,0,0,0,0,0,0,0,0,0,0,0,0,0,0,0,0,0,0,0,0,0,0,0,0,0,0,0,0,0,0,0,0,0,1
486,14,91,Material Service Road,Des Plaines River,2021,-9803757.593335949,5100729.017568359,0.47,0.08,0.7,4.1,1.28,8.79,55.0,9.0,1000.0,22.0,1,103.0,0.12,0.02,0.32,263.0,147,842.0,1.0,1,2.0,933.0,446.0,1642.0,71.0,49.0,102.0,19.0,5,54.0,6.0,5.0,7.0,0,4,14,0,0,1,1,0,1,2,0,5,310,2,0,0,0,0,89,0,19,0,0,0,0,2,0,0,35,0,0,0,0,0,0,0,0,0,0,0,0,0,0,0,0,0,0,0,0,0,0,0,0,0,0,0,0,0,0,0,0,0,0,0,0,0,0,0,1,0,0,0,0,0,0,0,0
